id_entrega,canton_destino,peso_kg,volumen_m3,distancia_km,num_paradas,hora_salida,lluvia_mm,tipo_vehiculo,experiencia_conductor_meses,carga_previa_pct,incidencias_registradas,entrega_tardia
ENT-01765,Catamayo,57.2,0.405,31.4,2,8,1.2,camion liviano,,83.1,0,0
ENT-00204,Catamayo,233.9,0.894,37.4,5,8,6.2,camioneta,69.0,87.9,2,1
ENT-01357,Macara,417.1,1.654,39.9,15,9,2.5,camion liviano,21.0,61.9,1,1
ENT-01452,Macara,780.1,2.75,124.3,1,5,1.3,camioneta,54.0,83.4,3,1
ENT-01578,Macara,156.3,0.953,57.5,4,6,0.0,camion pesado,44.0,81.7,0,0
ENT-00103,Zamora,215.2,1.098,17.4,3,8,0.5,camion liviano,,91.2,1,1
ENT-02839,Zamora,861.6,5.903,38.3,6,13,0.4,camioneta,41.0,64.4,1,0
ENT-01819,Catamayo,162.5,0.73,42.7,2,12,1.7,camioneta,6.0,65.6,0,0
ENT-00486,Cariamanga,391.3,1.478,73.3,2,8,0.0,camioneta,,79.0,0,1
ENT-01437,Catamayo,346.1,1.952,56.5,9,10,0.0,camion pesado,56.0,63.9,4,1
ENT-01252,Catamayo,170.0,0.896,14.4,8,10,0.0,camion liviano,36.0,42.4,0,0
ENT-01152,Macara,345.3,1.812,29.4,11,4,0.0,camioneta,15.0,29.2,0,0
ENT-00267,LOJA,44.0,0.308,40.2,4,6,4.4,camioneta,,93.0,0,1
ENT-02155,Saraguro,449.4,2.031,13.0,2,8,0.0,camioneta,27.0,52.8,0,0
ENT-01428,Loja,164.2,0.781,27.6,5,8,4.0,camioneta,10.0,89.5,2,1
ENT-02879,Loja,493.9,3.237,93.3,3,9,,camioneta,,36.7,0,0
ENT-02355,Machala,304.3,1.289,58.0,7,7,1.0,camion liviano,,61.1,4,1
ENT-01484,Catamayo,106.6,0.756,77.1,1,9,1.8,camioneta,14.0,50.1,3,1
ENT-02467,Cariamanga,649.1,4.184,38.5,1,7,3.9,camion liviano,148.0,69.7,1,1
ENT-02568,Zamora,481.3,1.546,72.3,6,7,2.9,camion liviano,,46.9,3,1
ENT-02378,Zamora,126.3,0.504,48.2,5,6,0.0,camion liviano,74.0,63.0,2,1
ENT-02219,Zamora,585.8,2.853,15.3,11,5,0.5,camioneta,70.0,86.8,1,0
ENT-01178,Macara,392.2,2.789,26.5,6,14,2.0,camion liviano,,86.7,0,0
ENT-01610,Machala,354.7,2.43,21.5,7,14,1.5,camioneta,12.0,56.6,2,0
ENT-02127,Lója,239.8,0.881,67.2,6,7,0.0,camion liviano,42.0,77.9,0,0
ENT-01447,Saraguro,858.4,3.414,33.5,15,10,0.0,camioneta,31.0,2.2,2,1
ENT-02674,Macara,78.7,0.341,14.3,8,8,1.8,camioneta,69.0,59.5,1,1
ENT-02851,loja,234.7,1.323,62.7,8,10,1.4,camioneta,16.0,76.1,1,1
ENT-02718,Catamayo,298.8,2.024,40.6,5,7,0.6,camioneta,67.0,65.4,1,1
ENT-01090,Machala,186.0,0.77,9.7,4,11,4.6,camion liviano,,55.5,0,1
ENT-02128,Catamayo,172.2,0.726,34.8,5,11,2.3,camion liviano,29.0,21.1,0,0
ENT-02524,Zamora,275.0,1.011,27.2,5,10,1.5,camion pesado,86.0,34.4,0,0
ENT-00765,Zamora,108.1,0.612,17.0,6,8,1.9,camioneta,21.0,36.3,0,0
ENT-02420,Saraguro,410.2,2.325,53.6,4,7,0.0,camioneta,,57.9,1,0
ENT-01518,Zamora,175.9,1.084,22.0,2,9,1.9,camion pesado,34.0,73.5,0,0
ENT-02844,Machala,148.7,0.515,50.1,4,11,,camioneta,19.0,50.8,3,1
ENT-00193,Loja,63.2,0.198,87.5,4,8,,camion liviano,11.0,29.2,2,1
ENT-00355,Cariamanga,192.8,0.977,67.1,2,6,0.6,camion pesado,65.0,57.1,1,1
ENT-01033,Cariamanga,149.0,1.01,21.5,3,10,5.3,camion liviano,47.0,55.1,2,1
ENT-00145,Macara,311.6,1.468,61.8,7,11,0.0,camion liviano,37.0,70.4,0,0
ENT-01426,Loja,402.0,1.431,47.0,6,8,2.6,camion pesado,,33.9,1,1
ENT-02925,Cariamanga,173.6,0.987,98.0,7,13,1.9,camioneta,,70.9,1,1
ENT-00140,Cariamanga,646.1,2.302,13.1,11,10,1.4,camion liviano,33.0,82.7,1,1
ENT-01303,Zamora,61.2,0.382,36.3,6,4,0.1,camion liviano,,43.2,0,1
ENT-02135,Macara,342.7,2.402,13.9,5,8,0.0,camion liviano,,58.1,1,1
ENT-00747,Loja,586.9,2.853,32.0,3,8,9.2,camion liviano,53.0,92.2,1,0
ENT-02241,Saraguro,73.6,0.459,14.9,7,9,0.4,camioneta,,55.6,0,0
ENT-01810,Saraguro,120.3,0.378,19.4,2,11,0.0,camion pesado,101.0,55.1,0,0
ENT-00064,Cariamanga,120.9,0.553,34.0,3,7,0.3,camion liviano,45.0,66.3,0,0
ENT-01764,Catamayo,178.1,0.693,22.2,4,5,13.4,camion liviano,,10.2,0,0
ENT-02397,Machala,273.7,1.25,69.4,8,14,2.1,camion pesado,58.0,84.0,1,1
ENT-01489,Zamora,369.4,1.22,37.4,12,5,1.7,camioneta,63.0,54.5,0,0
ENT-02870,Machala,489.0,1.705,14.0,2,9,1.2,camioneta,3.0,69.1,4,1
ENT-00680,Loja,431.2,1.471,51.0,3,4,0.0,camion liviano,21.0,86.9,0,0
ENT-00252,Zamora,252.8,1.247,24.3,6,13,0.5,camioneta,,5.9,0,0
ENT-00766,Catamayo,171.2,1.104,11.8,11,10,5.0,camion pesado,24.0,70.8,0,1
ENT-00052,Cariamanga,155.9,0.717,16.4,1,7,11.7,camion liviano,,33.7,0,0
ENT-02424,Macara,116.6,0.593,29.4,1,11,3.3,camion pesado,,90.1,0,0
ENT-00737,Loja,860.2,4.23,15.3,3,10,0.0,camion pesado,35.0,92.0,0,0
ENT-01973,Catamayo,340.2,2.33,28.5,3,12,0.0,camion liviano,,64.1,1,0
ENT-02014,Cariamanga,546.6,1.892,29.9,2,12,0.7,camion liviano,37.0,58.9,0,0
ENT-00150,Zamora,635.9,2.031,8.0,2,11,2.0,camioneta,21.0,46.8,3,1
ENT-01603,MACARA,191.6,0.68,43.0,2,8,1.0,camioneta,118.0,36.1,0,0
ENT-00255,Catamayo,23.9,0.087,58.3,4,8,0.0,camioneta,42.0,52.4,1,1
ENT-01074,Loja,309.8,1.74,17.7,10,10,0.0,camion liviano,12.0,65.6,2,1
ENT-00045,Saraguro,895.5,2.86,10.9,1,9,,camion liviano,40.0,34.3,1,1
ENT-00757,Catamayo,190.9,0.676,12.8,5,14,,camioneta,94.0,53.9,1,1
ENT-01950,Saraguro,255.5,1.086,15.7,5,10,1.3,camioneta,12.0,82.3,2,1
ENT-01205,Catamayo,779.2,3.763,6.2,1,9,1.6,camioneta,99.0,76.3,0,0
ENT-00241,Loja,68.6,0.233,26.4,7,4,2.0,camion pesado,,53.4,1,1
ENT-01403,Saraguro,13.9,0.074,78.8,4,10,1.6,camion liviano,,83.2,0,1
ENT-02292,Machala,449.8,3.143,27.7,1,14,,camioneta,27.0,90.9,1,1
ENT-01624,Catamayo,75.2,0.49,119.1,4,14,0.9,camioneta,60.0,41.0,3,1
ENT-00247,Catamayo,436.4,1.951,80.5,5,12,0.0,camioneta,12.0,59.1,0,1
ENT-01085,Cariamanga,90.2,0.29,54.3,5,9,0.5,camion pesado,65.0,43.2,2,1
ENT-01629,Machala,374.7,2.469,68.2,12,10,4.3,camion pesado,103.0,50.8,1,1
ENT-00603,Cariamanga,697.0,2.865,68.5,4,9,2.1,camioneta,45.0,44.8,0,0
ENT-00212,Machala,54.5,0.335,13.3,3,10,1.4,camion pesado,79.0,40.7,0,1
ENT-00332,Loja,201.8,0.694,55.1,1,14,0.4,camion pesado,9.0,64.3,0,0
ENT-01771,MACARA,377.6,1.834,19.3,2,9,,camioneta,64.0,27.9,1,1
ENT-01568,Machala,243.7,0.781,54.0,1,9,3.1,camion pesado,43.0,88.2,1,1
ENT-00536,Machala,486.9,2.134,41.2,4,7,1.4,camioneta,,60.1,0,0
ENT-02171,Loja ,264.7,1.214,15.9,4,12,0.0,camioneta,82.0,71.5,0,0
ENT-01433,Loja,357.4,1.795,38.2,3,7,0.6,camion liviano,20.0,30.2,1,1
ENT-00444,Loja,558.5,2.364,43.2,6,11,0.0,camion liviano,30.0,62.5,0,0
ENT-01984,Macara,100.0,0.396,19.3,9,7,3.8,camion liviano,,41.3,0,0
ENT-00135,Loja,310.6,2.139,14.6,5,8,7.0,camioneta,,45.8,2,1
ENT-02786,Macara,159.4,0.603,9.8,11,11,4.1,camioneta,39.0,72.1,0,0
ENT-00271,Saraguro,121.6,0.653,14.0,5,4,1.8,camion liviano,44.0,62.5,2,1
ENT-00258,Saraguro,162.7,0.641,66.0,3,9,0.7,camioneta,6.0,75.7,0,0
ENT-01526,Saraguro,408.0,1.629,14.4,5,5,0.0,camioneta,,58.1,0,1
ENT-01831,Loja,79.2,0.408,71.4,1,13,3.3,camion liviano,94.0,85.8,1,1
ENT-02793,Zamora,178.7,1.101,81.8,3,12,9.5,camion pesado,52.0,35.3,0,0
ENT-02733,Loja,266.9,1.284,44.2,5,12,2.7,camion liviano,,46.3,0,0
ENT-01126,Macara,283.3,1.77,55.9,6,12,2.9,camioneta,42.0,23.0,1,1
ENT-00638,Catamayo,351.0,2.455,56.7,2,7,2.9,camion pesado,51.0,32.1,0,0
ENT-00179,Zamora,186.3,0.612,18.0,3,8,0.6,camioneta,,41.5,1,0
ENT-00053,Loja,18.9,0.063,24.3,4,7,2.8,camioneta,31.0,76.8,0,1
ENT-00843,Macara,194.2,1.039,60.3,1,7,1.0,camioneta,20.0,51.1,2,1
ENT-00568,Macara,220.8,1.032,36.4,3,13,,camion liviano,78.0,77.4,0,0
ENT-01460,Zamora,161.7,0.948,23.6,3,10,,camioneta,24.0,33.2,0,0
ENT-00185,Saraguro,241.6,0.784,29.0,5,8,0.6,camioneta,35.0,83.9,0,0
ENT-00189,Zamora,176.8,0.806,42.1,5,7,0.0,camion liviano,,60.8,1,0
ENT-02528,Saraguro,260.0,1.478,39.7,1,9,0.0,camion liviano,,49.5,3,1
ENT-01903,Macara,386.5,2.629,57.5,1,6,1.8,camioneta,,71.0,3,1
ENT-00860,Loja,238.7,1.435,75.3,8,8,0.0,camion liviano,9.0,50.6,2,1
ENT-02479,Cariamanga,506.2,1.972,49.3,8,11,,camion liviano,49.0,59.9,1,1
ENT-02425,Macara,203.0,1.269,88.3,4,9,2.2,camioneta,149.0,48.4,0,1
ENT-00808,Cariamanga,526.5,2.119,128.9,3,8,2.2,camioneta,21.0,62.6,1,1
ENT-00175,Zamora,98.2,0.372,87.7,2,9,0.0,camion pesado,,19.5,3,1
ENT-01432,Cariamanga,581.7,2.932,12.9,9,7,1.4,camion liviano,65.0,43.3,0,0
ENT-00745,Lója,464.5,2.387,17.7,12,10,12.6,camion pesado,18.0,14.3,0,1
ENT-00001,Macara,238.6,0.987,10.1,1,11,,camioneta,20.0,24.9,0,0
ENT-02603,Loja,714.1,3.61,68.2,8,6,3.4,camioneta,5.0,33.4,1,1
ENT-02671,Saraguro,517.9,2.816,72.6,2,5,1.9,camion pesado,116.0,43.3,0,0
ENT-01875,Saraguro,263.1,1.786,21.7,7,10,1.8,camion liviano,10.0,57.9,0,0
ENT-02823,Catamayo,451.3,3.103,21.9,6,5,0.6,camioneta,85.0,82.1,1,1
ENT-01948,Machala,119.0,0.723,18.7,6,5,0.0,camion pesado,74.0,42.3,3,1
ENT-01208,Saraguro,271.8,1.088,39.9,3,14,2.2,camion pesado,38.0,90.0,0,0
ENT-02112,loja,356.5,1.352,16.7,1,10,0.0,camioneta,51.0,90.3,0,0
ENT-02023,Zamora,310.1,1.291,47.0,7,9,0.6,camion liviano,6.0,21.0,1,1
ENT-01928,Machala,120.9,0.678,1.0,4,9,,camion liviano,16.0,82.7,0,0
ENT-01028,Catamayo,118.2,0.375,35.3,4,9,0.9,camion liviano,,89.7,1,1
ENT-00290,Saraguro,545.3,1.846,33.9,8,11,,camion liviano,,42.1,1,1
ENT-02019,Machala,505.1,1.703,16.0,4,8,2.4,camioneta,,45.6,0,0
ENT-00033,Loja,297.5,1.791,28.6,6,13,4.0,camioneta,21.0,67.5,0,0
ENT-00599,Saraguro,103.5,0.606,18.9,4,11,0.0,camion pesado,6.0,71.2,1,1
ENT-02474,Loja,159.4,0.802,46.1,3,10,1.4,camion pesado,180.0,59.2,4,1
ENT-00015,Catamayo,168.8,0.651,16.1,6,7,0.6,camion pesado,22.0,50.7,4,1
ENT-00094,Catamayo,606.4,3.38,15.9,8,12,2.5,camioneta,19.0,46.5,6,1
ENT-02463,Loja,195.4,0.65,27.3,1,9,0.0,camion liviano,,76.8,0,0
ENT-00292,Macara,591.4,2.957,65.7,2,7,4.1,camion pesado,164.0,60.0,0,0
ENT-00299,Zamora,104.9,0.553,17.9,2,8,12.9,camioneta,14.0,56.4,3,1
ENT-00440,Catamayo,344.1,2.271,13.0,5,10,2.1,camion pesado,6.0,42.0,3,1
ENT-01300,Cariamanga,327.2,1.074,95.8,4,12,0.0,camioneta,,42.3,1,0
ENT-02777,Machala,468.0,1.913,9.3,2,13,0.7,camioneta,72.0,63.5,0,0
ENT-02738,Catamayo,454.9,2.29,13.8,1,7,1.2,camion pesado,42.0,38.4,1,1
ENT-02591,Zamora,576.1,3.467,67.5,5,10,6.0,camion liviano,28.0,69.8,1,1
ENT-01314,Loja,454.2,2.286,29.1,9,8,0.0,camioneta,73.0,84.9,0,0
ENT-00219,Machala,303.2,1.216,25.0,4,8,,camion liviano,45.0,67.4,3,1
ENT-01847,Zamora,380.9,1.507,53.8,4,11,10.8,camioneta,,43.1,4,1
ENT-01951,Machala,322.1,1.055,25.1,4,5,1.7,camioneta,63.0,81.0,0,1
ENT-01675,Catamayo,87.0,0.298,36.4,3,6,2.5,camion pesado,101.0,42.5,0,0
ENT-00464,Zamora,118.2,0.427,27.2,2,6,1.8,camion pesado,27.0,58.1,0,0
ENT-02948,Zamora,-1.0,2.59,9.9,4,12,6.3,camion liviano,76.0,72.7,3,1
ENT-01742,Loja,177.1,0.896,8.3,10,9,1.6,camion pesado,,74.9,2,1
ENT-02928,Zamora,373.9,1.848,81.4,3,11,2.8,camion pesado,120.0,63.7,0,1
ENT-01104,MACARA,191.0,0.973,30.7,1,10,5.0,camion liviano,72.0,58.5,0,0
ENT-01351,Zamora,399.5,1.422,79.7,13,4,2.0,camion pesado,11.0,38.1,3,1
ENT-00888,Zamora,198.5,0.83,83.8,4,12,5.6,camion liviano,65.0,61.1,3,1
ENT-01897,MACARA,101.3,0.332,19.4,6,9,0.0,camioneta,23.0,48.1,0,0
ENT-02079,Catamayo,211.2,0.753,86.4,6,12,0.1,camioneta,,69.8,0,0
ENT-02761,Zamora,151.2,0.629,52.6,5,10,0.6,camion liviano,,48.4,0,0
ENT-02790,Saraguro,674.9,2.604,49.2,9,7,0.2,camioneta,,61.4,0,1
ENT-01062,Macara,320.1,1.975,8.1,4,9,0.3,camioneta,34.0,9.7,3,1
ENT-00938,Macara,212.4,1.06,11.3,5,10,6.9,camioneta,27.0,33.5,1,1
ENT-02326,Cariamanga,157.4,0.567,29.8,4,8,0.8,camion liviano,,63.5,0,0
ENT-00195,Machala,466.6,2.286,15.1,2,11,2.2,camion pesado,21.0,87.6,1,1
ENT-00820,machala,613.9,2.555,15.9,2,9,2.4,camion liviano,82.0,82.8,0,0
ENT-00472,Zamora,269.4,1.496,59.0,3,7,2.9,camion liviano,,42.4,0,0
ENT-00930,Catamayo,180.9,0.724,51.2,3,11,1.8,camion liviano,68.0,41.6,0,0
ENT-02869,Cariamanga,291.8,1.128,47.3,8,5,0.0,camioneta,55.0,54.3,0,1
ENT-00431,Loja,545.7,3.747,99.2,1,7,1.7,camion liviano,62.0,44.0,2,1
ENT-01488,Saraguro,203.3,1.188,25.9,4,8,1.1,camioneta,73.0,26.0,0,0
ENT-01747,Catamayo,-1.0,1.633,4.4,5,11,1.0,camion liviano,42.0,48.7,0,0
ENT-01424,Cariamanga,101.8,0.55,31.3,3,8,2.6,camioneta,30.0,88.8,2,1
ENT-02415,Loja,105.4,0.394,13.6,4,8,0.0,camion liviano,31.0,81.8,2,1
ENT-02283,Cariamanga,107.0,0.378,24.9,4,11,0.0,camioneta,,11.1,5,1
ENT-01468,Zamora,639.6,2.962,26.6,1,9,1.5,camioneta,,18.7,0,0
ENT-01912,Zamora,85.2,0.37,34.3,7,7,0.4,camion pesado,,27.6,0,0
ENT-02339,Cariamanga,288.4,1.371,92.4,17,11,0.0,camion liviano,51.0,32.4,3,1
ENT-02058,Machala,231.2,1.486,47.0,1,4,4.2,camioneta,21.0,92.9,1,1
ENT-02714,Machala,61.7,0.242,53.9,17,10,2.8,camioneta,80.0,76.1,1,1
ENT-02608,MACARA,839.0,3.518,2.0,4,14,0.0,camion liviano,170.0,53.0,0,0
ENT-01345,Catamayo,103.3,0.356,48.6,3,10,0.0,camion pesado,52.0,78.8,0,0
ENT-01513,Saraguro,114.1,0.693,9.1,2,9,3.2,camion pesado,41.0,11.2,1,0
ENT-01663,MACARA,153.3,0.852,103.7,5,13,1.3,camion pesado,40.0,26.4,1,1
ENT-02600,Catamayo,285.9,2.018,6.1,2,6,0.1,camion pesado,62.0,54.2,2,1
ENT-00046,Loja,378.5,1.361,52.6,2,12,3.6,camion pesado,55.0,36.7,5,1
ENT-02178,Saraguro,153.9,0.486,21.4,1,11,0.0,camion liviano,44.0,71.4,0,0
ENT-00901,Cariamanga,256.1,0.887,85.7,4,14,0.2,camion liviano,162.0,31.9,0,0
ENT-00257,Macara,152.0,1.083,33.9,4,9,4.0,camion liviano,15.0,58.9,0,0
ENT-00795,Catamayo,119.4,0.429,36.5,9,13,0.0,camion liviano,7.0,53.2,2,1
ENT-02359,Lója,222.1,1.03,15.1,4,9,10.2,camion pesado,71.0,92.8,0,1
ENT-02893,Machala,127.7,0.578,36.5,4,11,2.7,camion liviano,73.0,53.1,0,0
ENT-02935,Catamayo,1107.9,3.968,4.8,5,8,0.0,camion liviano,,92.3,0,0
ENT-02648,LOJA,125.1,0.616,28.7,7,9,,camion pesado,75.0,79.7,3,1
ENT-00875,LOJA,154.6,0.575,20.7,2,14,0.4,camioneta,,50.4,0,0
ENT-02334,Machala,442.7,2.094,53.0,5,8,1.4,camioneta,86.0,71.5,0,0
ENT-02762,Zamora,198.6,0.841,9.9,5,5,2.5,camioneta,32.0,56.4,1,0
ENT-00512,Loja,889.2,3.138,12.9,3,9,0.7,camion pesado,52.0,37.7,1,0
ENT-01602,Zamora,485.9,3.132,32.2,7,10,0.3,camion liviano,57.0,33.5,1,1
ENT-00573,Catamayo,586.8,2.458,41.0,9,11,4.2,camion liviano,27.0,50.0,2,1
ENT-02111,Machala,596.4,3.741,31.9,21,9,1.6,camion liviano,,33.7,2,1
ENT-01076,Saraguro,486.3,1.528,37.9,2,9,0.7,camioneta,149.0,88.0,0,0
ENT-01785,Cariamanga,116.5,0.527,14.0,3,12,8.1,camioneta,15.0,78.7,4,1
ENT-02466,Machala,275.3,1.138,84.4,5,12,0.7,camion liviano,49.0,41.9,0,1
ENT-00846,Loja,325.4,2.229,64.3,12,11,0.0,camioneta,118.0,42.4,1,1
ENT-02287,Macara,369.8,1.178,27.9,2,8,0.6,camioneta,87.0,51.8,0,0
ENT-00458,Machala,173.3,0.601,39.2,9,7,0.1,camion liviano,,15.7,2,1
ENT-00434,machala,651.4,2.776,33.5,3,6,2.2,camion liviano,24.0,61.6,0,1
ENT-01713,Zamora,284.4,1.419,31.8,3,9,5.4,camion pesado,17.0,42.9,0,1
ENT-02625,Loja,242.0,1.047,18.2,1,7,2.0,camioneta,,53.5,1,1
ENT-00322,Loja,224.3,0.79,12.3,9,11,2.3,camion liviano,78.0,47.7,0,0
ENT-00701,Macara,487.8,1.566,52.5,8,12,3.2,camion pesado,61.0,87.5,0,1
ENT-02780,Machala,520.2,2.531,20.4,6,8,1.9,camioneta,,69.3,0,0
ENT-02897,Cariamanga,572.5,3.126,62.3,3,14,1.8,camioneta,34.0,16.5,0,1
ENT-01538,Loja,122.1,0.656,16.4,3,11,3.0,camioneta,30.0,80.2,0,0
ENT-00679,Machala,262.3,0.894,30.1,4,8,5.2,camioneta,,68.3,2,1
ENT-02686,Cariamanga,347.5,1.701,23.9,8,15,0.0,camioneta,19.0,50.9,0,0
ENT-00176,Macara,89.6,0.609,53.9,7,12,1.1,camion liviano,,55.0,2,1
ENT-02909,Cariamanga,149.8,0.532,65.3,6,6,2.1,camion liviano,43.0,57.0,1,1
ENT-01147,Saraguro,268.5,1.207,27.2,3,6,0.5,camion liviano,37.0,69.3,0,0
ENT-01271,Zamora,221.1,0.789,176.5,7,5,0.0,camioneta,,41.5,3,1
ENT-02107,Saraguro,205.0,0.652,21.6,1,8,2.9,camion pesado,80.0,40.2,0,0
ENT-01344,Macara,513.0,3.4,5.6,2,7,1.7,camioneta,96.0,55.6,2,1
ENT-02756,Zamora,113.6,0.418,20.4,3,10,0.0,camion liviano,72.0,47.4,0,0
ENT-01114,Catamayo,318.0,2.223,9999.0,5,5,1.2,camioneta,84.0,28.0,0,0
ENT-02346,Macara,580.5,1.86,31.5,7,5,1.2,camion pesado,91.0,32.6,3,1
ENT-01030,Macara,333.8,1.635,18.0,2,9,0.2,camioneta,2.0,50.2,1,1
ENT-02596,Cariamanga,368.8,1.431,53.2,7,12,4.6,camion liviano,14.0,68.7,0,1
ENT-00643,Machala,210.9,0.931,16.2,2,11,0.0,camioneta,,45.0,2,1
ENT-02922,Macara,268.1,1.576,16.7,2,6,3.8,camion liviano,,32.2,1,0
ENT-02808,Zamora,86.6,0.316,27.7,3,10,0.0,camioneta,,87.3,0,0
ENT-01339,Saraguro,837.9,2.676,5.7,1,12,1.6,camion pesado,,69.4,0,0
ENT-00728,Cariamanga,452.0,2.74,28.9,11,10,0.3,camioneta,34.0,20.8,0,0
ENT-00197,Catamayo,204.9,0.94,8.2,5,7,2.9,camion liviano,25.0,40.0,1,1
ENT-02758,Machala,311.8,0.991,64.2,5,4,0.8,camioneta,,58.9,0,0
ENT-00171,Catamayo,262.8,1.28,40.8,7,11,0.5,camioneta,36.0,49.8,0,1
ENT-00622,Cariamanga,90.1,0.533,42.1,2,8,1.1,camion liviano,20.0,66.9,0,0
ENT-02837,Catamayo,550.8,1.907,51.1,6,11,0.0,camion liviano,39.0,28.4,2,1
ENT-00089,Macara,456.9,2.209,35.3,3,14,2.9,camion liviano,,8.1,1,0
ENT-00556,Zamora,508.5,2.956,10.1,4,5,2.2,camion liviano,106.0,81.0,0,0
ENT-01158,Macara,283.0,0.996,60.6,3,9,0.0,camion liviano,56.0,28.2,1,1
ENT-01748,Catamayo,407.0,1.491,30.4,4,10,0.0,camioneta,13.0,69.2,0,1
ENT-02210,Zamora,627.6,4.225,7.9,14,8,3.0,camion liviano,,72.5,0,0
ENT-00480,Zamora,359.1,2.152,25.4,1,4,1.3,camioneta,,84.5,1,1
ENT-00818,Machala,734.3,2.923,56.2,7,7,4.8,camioneta,29.0,57.3,5,1
ENT-00409,Saraguro,444.9,1.764,39.7,9,15,1.3,camion pesado,,64.0,0,1
ENT-00333,Macara,78.0,0.244,56.9,5,13,2.8,camioneta,26.0,58.6,1,1
ENT-02132,Macara,282.9,1.186,16.2,2,7,0.0,camioneta,,34.9,0,0
ENT-02802,Loja,417.0,2.116,2.4,6,10,0.0,camioneta,69.0,61.0,1,0
ENT-00153,Macara,478.7,2.607,14.5,7,9,0.4,camion pesado,,24.3,0,0
ENT-01279,Zamora,199.3,0.789,42.8,2,8,1.5,camioneta,36.0,64.7,0,0
ENT-02773,Macara,643.5,2.262,28.4,10,12,0.5,camion pesado,37.0,83.2,2,1
ENT-02636,Saraguro,123.3,0.398,14.9,5,14,0.7,camioneta,185.0,38.7,0,0
ENT-00026,Machala,205.6,0.938,26.5,5,9,2.8,camion liviano,49.0,35.9,0,1
ENT-02834,Catamayo,286.3,0.917,67.9,5,8,0.8,camion pesado,,44.8,1,1
ENT-01262,Cariamanga,59.7,0.28,26.6,4,6,3.0,camion liviano,16.0,91.7,2,1
ENT-01833,Loja ,97.4,0.414,23.5,7,7,0.0,camion liviano,16.0,92.1,2,1
ENT-01887,Loja,203.8,0.677,27.6,5,10,1.8,camion liviano,55.0,74.3,0,0
ENT-02959,Machala,215.8,0.909,88.6,1,8,2.2,camion liviano,,58.2,3,1
ENT-01323,Machala,71.1,0.356,43.0,3,9,1.4,camion liviano,44.0,17.9,0,0
ENT-02985,Catamayo,82.0,0.53,62.6,5,11,0.8,camioneta,42.0,48.6,1,1
ENT-02723,Zamora,137.6,0.564,40.3,4,8,1.5,camioneta,,36.4,0,0
ENT-00417,Catamayo,396.4,1.302,48.1,2,13,2.9,camioneta,43.0,39.1,6,1
ENT-00830,Machala,249.1,0.888,18.9,5,6,1.9,camion liviano,119.0,40.3,3,1
ENT-00651,Cariamanga,273.6,0.956,36.4,5,10,0.1,camion liviano,,41.3,0,0
ENT-00347,Saraguro,142.9,0.505,65.0,2,9,3.8,camion liviano,,92.0,0,1
ENT-00870,Loja,90.0,0.302,119.8,7,12,1.2,camion liviano,11.0,45.6,3,1
ENT-00315,Cariamanga,571.0,2.189,34.7,5,8,,camion liviano,33.0,54.2,2,1
ENT-01375,Macara,499.6,1.586,7.0,4,10,0.9,camion pesado,6.0,67.5,1,1
ENT-00068,Machala,170.8,0.914,32.4,2,12,1.6,camioneta,30.0,68.9,0,0
ENT-00565,Machala,348.0,2.11,15.5,3,5,0.0,camion liviano,50.0,71.2,0,0
ENT-00252,Zamora,252.8,1.247,24.3,6,13,0.5,camioneta,,5.9,0,0
ENT-02008,Cariamanga,365.3,2.016,29.1,5,10,2.0,camion liviano,,56.7,4,1
ENT-01049,Zamora,68.6,0.41,25.1,3,14,1.9,camion liviano,33.0,40.1,0,0
ENT-02580,Loja,153.4,0.63,50.2,4,13,0.5,camion liviano,41.0,90.0,1,0
ENT-00371,Machala,613.8,1.921,59.4,3,7,4.5,camion liviano,32.0,42.2,0,1
ENT-01012,Saraguro,178.3,0.75,24.5,15,5,0.2,camion liviano,27.0,87.9,1,1
ENT-01614,Saraguro,217.7,1.405,29.0,2,7,0.1,camioneta,70.0,19.8,2,1
ENT-01881,Loja,149.6,0.65,3.5,8,6,7.8,camion liviano,31.0,96.2,0,1
ENT-00433,Zamora,47.8,0.265,62.2,6,10,2.6,camioneta,83.0,51.4,1,1
ENT-02430,Loja,224.4,0.91,36.5,9,12,1.4,camioneta,23.0,72.6,3,1
ENT-00945,Machala,436.0,1.554,8.6,2,13,0.0,camion liviano,60.0,24.6,0,0
ENT-00125,Machala,48.1,0.191,54.3,4,10,0.0,camioneta,14.0,63.8,0,0
ENT-02516,Macara,196.1,0.821,83.6,2,16,0.0,camion liviano,13.0,67.7,3,1
ENT-02916,Saraguro,288.0,1.857,18.7,2,7,3.7,camion pesado,31.0,25.4,2,1
ENT-01242,Cariamanga,111.5,0.602,22.3,4,10,0.0,camioneta,68.0,61.3,2,1
ENT-02244,Catamayo,97.6,0.316,29.2,5,12,3.1,camion liviano,54.0,57.8,0,0
ENT-01363,MACARA,283.3,1.447,23.6,7,8,1.3,camion liviano,74.0,53.3,0,0
ENT-01707,Catamayo,77.3,0.382,55.3,10,14,7.1,camion liviano,,44.8,0,0
ENT-02867,Machala,471.5,3.22,49.2,5,7,2.5,camion liviano,55.0,41.9,0,0
ENT-02655,Saraguro,321.6,1.188,7.6,3,8,0.1,camion liviano,,81.5,4,1
ENT-01638,Loja,62.2,0.41,36.8,4,6,0.5,camioneta,44.0,80.8,0,0
ENT-02883,Zamora,325.3,1.317,32.7,1,10,0.5,camion liviano,,57.6,4,1
ENT-02783,Cariamanga,222.3,0.74,36.0,3,11,1.6,camion liviano,,39.4,0,0
ENT-02824,Macara,296.8,0.944,24.0,3,6,0.4,camioneta,114.0,85.3,2,1
ENT-00865,Macara,237.6,1.078,95.8,6,12,0.0,camion liviano,37.0,38.9,0,0
ENT-00290,Saraguro,545.3,1.846,33.9,8,11,,camion liviano,,42.1,1,1
ENT-00300,LOJA,217.7,0.751,45.7,3,13,2.5,camioneta,31.0,26.2,0,1
ENT-01802,Machala,182.8,1.0,63.6,4,10,0.1,camioneta,,83.5,1,1
ENT-02271,Saraguro,100.1,0.329,51.0,7,9,0.0,camioneta,17.0,17.6,0,1
ENT-02498,Machala,187.3,0.629,13.5,5,10,1.3,camioneta,16.0,52.1,1,1
ENT-01768,Saraguro,110.6,0.423,54.1,4,5,0.1,camioneta,,39.3,1,1
ENT-00777,Loja,724.2,4.376,65.4,3,8,1.9,camioneta,33.0,50.6,1,1
ENT-02320,Catamayo,190.4,0.714,78.5,6,9,3.6,camioneta,,58.5,0,1
ENT-00081,Machala,244.8,1.207,18.6,3,8,1.2,camion liviano,81.0,82.8,0,0
ENT-00791,Cariamanga,143.8,0.614,130.3,9,10,5.3,camioneta,18.0,47.4,1,1
ENT-00681,Catamayo,445.7,1.93,17.4,1,12,2.3,camion liviano,23.0,47.6,1,0
ENT-01056,Loja,167.4,1.165,47.3,12,10,4.3,camion liviano,,45.5,0,0
ENT-01053,Macara,56.6,0.281,19.9,8,6,1.7,camion liviano,53.0,90.8,2,1
ENT-00323,Machala,419.2,2.642,20.9,9,7,0.0,camioneta,,89.4,3,1
ENT-00409,Saraguro,444.9,1.764,39.7,9,15,1.3,camion pesado,,64.0,0,1
ENT-01617,Loja,133.6,0.448,25.7,3,10,1.9,camioneta,22.0,78.0,1,0
ENT-02753,Macara,261.3,1.294,33.5,2,9,0.8,camioneta,29.0,87.1,0,0
ENT-02483,Cariamanga,250.4,1.48,38.3,6,7,3.9,camion pesado,,34.9,2,1
ENT-00451,Loja,773.5,4.038,10.4,4,10,0.0,camioneta,25.0,50.5,0,1
ENT-01179,Machala,525.1,2.875,37.7,11,10,0.8,camion liviano,121.0,79.3,0,0
ENT-01883,Macara,158.5,1.007,9.7,3,5,0.0,camioneta,18.0,29.5,0,1
ENT-01175,Machala,607.3,2.347,40.7,6,10,4.3,camioneta,73.0,64.0,2,1
ENT-00142,Cariamanga,242.5,0.819,137.3,3,11,6.0,camioneta,49.0,11.5,2,1
ENT-00479,Loja,345.0,1.342,41.6,11,10,0.9,camioneta,35.0,66.1,0,0
ENT-01371,Macara,210.0,1.17,89.3,2,10,2.4,camion pesado,34.0,18.7,0,0
ENT-01986,Macara,397.6,1.807,29.8,7,5,7.6,camion pesado,,53.5,2,1
ENT-01682,Loja,205.7,0.71,61.7,1,9,0.6,camioneta,,26.1,0,0
ENT-02145,Catamayo,369.9,2.035,55.2,15,8,1.1,camion liviano,39.0,45.3,2,1
ENT-00868,Zamora,247.5,0.876,60.8,9,11,8.2,camioneta,169.0,70.9,4,1
ENT-01196,Machala,690.3,2.548,8.0,4,7,0.0,camioneta,81.0,66.8,0,0
ENT-02080,Zamora,266.0,0.938,46.7,7,7,,camion liviano,40.0,40.3,0,0
ENT-02444,Macara,229.0,1.371,52.4,5,4,1.5,camioneta,86.0,31.4,0,0
ENT-02234,Macara,748.3,4.927,4.1,12,7,0.4,camion liviano,24.0,26.1,3,1
ENT-00178,Macara,464.0,2.131,27.3,1,10,0.0,camioneta,16.0,55.8,1,1
ENT-01962,Machala,251.8,0.917,29.0,1,8,4.8,camion pesado,96.0,18.2,0,0
ENT-01576,Macara,250.2,0.956,30.5,5,10,5.7,camion pesado,,79.8,1,1
ENT-01711,Machala,67.0,0.255,42.2,5,8,2.2,camion liviano,34.0,71.8,3,1
ENT-00706,Macara,896.4,4.513,39.4,5,9,0.3,camioneta,,37.6,0,0
ENT-02067,Machala,331.5,1.613,17.2,1,9,0.0,camioneta,33.0,69.5,0,1
ENT-00184,Catamayo,177.8,0.579,22.6,4,6,0.0,camion pesado,,19.3,2,1
ENT-00424,Catamayo,445.6,2.445,10.1,7,4,0.0,camion liviano,,81.0,1,1
ENT-01284,Machala,221.8,1.03,21.5,1,13,,camion liviano,20.0,25.3,0,0
ENT-00606,Catamayo,442.1,2.067,6.2,2,9,4.6,camioneta,49.0,54.7,0,0
ENT-02876,Zamora,330.4,1.299,72.1,8,11,2.3,camioneta,66.0,57.5,2,1
ENT-00611,Zamora,273.2,0.957,23.7,5,13,0.0,camion liviano,20.0,72.2,0,0
ENT-02316,Zamora,517.0,3.144,68.8,7,11,0.1,camioneta,33.0,83.2,1,1
ENT-00600,Loja,303.1,0.97,47.9,2,13,0.0,camioneta,42.0,87.9,0,0
ENT-02088,Saraguro,585.9,2.096,41.9,2,6,1.4,camioneta,66.0,58.9,0,0
ENT-00369,Cariamanga,129.7,0.484,22.2,7,13,3.1,camion pesado,40.0,85.9,0,0
ENT-02689,Cariamanga,238.6,0.772,88.1,6,8,0.0,camion liviano,,53.6,0,1
ENT-01955,Loja,263.9,1.524,59.0,7,10,,camion liviano,36.0,32.4,0,0
ENT-01188,Loja,107.4,0.574,99.3,5,4,0.0,camioneta,,73.8,1,1
ENT-00344,machala,206.3,0.702,54.9,9,8,1.4,camioneta,,23.1,1,1
ENT-00163,Zamora,417.3,1.445,59.2,4,11,0.0,camioneta,82.0,54.6,0,0
ENT-01832,Loja,301.1,2.119,49.4,1,9,0.0,camion pesado,105.0,31.5,0,1
ENT-01867,Saraguro,340.5,1.337,52.0,4,8,5.8,camioneta,83.0,75.0,0,1
ENT-01045,Cariamanga,566.6,2.932,9.8,9,13,3.8,camioneta,,90.9,2,1
ENT-00555,Loja,250.0,1.119,16.9,2,7,3.1,camioneta,18.0,22.4,0,0
ENT-00943,Macara,417.6,2.084,2.8,3,9,0.0,camioneta,,38.3,2,1
ENT-01627,Macara,227.1,1.146,90.4,7,10,0.9,camion liviano,62.0,52.2,1,1
ENT-02811,Catamayo,638.0,2.419,44.6,3,7,1.4,camioneta,,15.5,1,1
ENT-00031,Saraguro,255.1,1.161,62.2,4,10,3.5,camioneta,9.0,40.4,3,1
ENT-02872,Cariamanga,285.0,0.938,29.4,11,10,2.5,camioneta,,70.6,0,0
ENT-01958,Machala,448.2,2.632,39.0,3,9,0.7,camioneta,94.0,83.1,0,0
ENT-02993,Saraguro,231.8,1.022,50.8,13,10,1.5,camioneta,87.0,90.6,3,1
ENT-00174,Machala,93.0,0.344,40.7,5,10,1.3,camioneta,9.0,27.8,0,0
ENT-02578,Machala,355.2,1.666,23.5,8,7,0.8,camioneta,63.0,51.1,0,1
ENT-00297,Macara,265.3,0.948,86.7,7,7,3.1,camion liviano,,74.8,0,0
ENT-00326,Macara,111.8,0.444,30.6,9,10,,camion liviano,,73.0,0,0
ENT-01449,Loja,134.8,0.882,136.6,4,6,4.4,camioneta,17.0,49.0,0,0
ENT-00412,Loja,407.1,1.918,32.0,5,9,0.0,camioneta,18.0,86.1,0,0
ENT-02500,Machala,586.7,2.112,45.6,4,10,0.0,camioneta,93.0,69.6,0,0
ENT-00529,Zamora,298.0,1.878,6.5,15,10,4.0,camioneta,11.0,87.7,1,1
ENT-01229,Saraguro,379.1,1.649,11.8,1,7,,camion pesado,59.0,52.6,0,0
ENT-02468,Macara,489.1,2.636,109.0,6,11,0.0,camion pesado,35.0,82.8,0,1
ENT-01150,Cariamanga,405.6,1.658,51.0,3,12,0.0,camion pesado,23.0,39.4,0,0
ENT-01209,loja,269.3,0.957,27.4,5,4,,camion pesado,90.0,64.0,0,1
ENT-01717,Machala,159.9,0.93,66.1,12,12,0.8,camion pesado,10.0,53.4,0,0
ENT-01850,Catamayo,257.5,0.859,48.7,3,10,0.0,camion liviano,20.0,52.8,1,0
ENT-01980,Cariamanga,805.0,4.326,17.2,10,4,0.8,camion liviano,37.0,51.3,2,1
ENT-00528,Zamora,319.0,1.008,66.7,4,8,9.5,camion pesado,,60.3,1,1
ENT-02593,Saraguro,323.1,1.033,67.0,7,4,3.9,camion pesado,,14.0,0,0
ENT-00074,Machala,253.5,0.907,40.2,7,5,1.1,camion liviano,60.0,32.9,1,1
ENT-01534,Macara,182.8,0.917,24.1,8,12,1.7,camion liviano,48.0,8.7,1,1
ENT-02162,Catamayo,303.4,1.741,17.4,3,8,0.3,camion pesado,131.0,74.2,1,1
ENT-02536,Cariamanga,127.1,0.777,2.1,14,5,6.3,camioneta,23.0,73.0,1,1
ENT-01789,Macara,411.5,1.533,30.6,7,8,3.5,camion liviano,,50.1,1,0
ENT-02380,Loja ,165.1,1.008,61.9,1,10,1.4,camion pesado,21.0,75.1,2,1
ENT-01254,Loja,189.8,1.182,64.9,1,6,,camion liviano,,17.2,0,0
ENT-02227,Cariamanga,188.6,0.983,70.1,5,13,2.9,camioneta,91.0,84.3,1,0
ENT-02929,Zamora,367.8,1.237,51.2,4,8,3.2,camion liviano,12.0,19.1,0,1
ENT-01466,LOJA,368.0,2.397,30.5,2,7,1.3,camion liviano,111.0,48.4,0,0
ENT-01361,Zamora,370.4,2.126,22.1,2,8,1.1,camion liviano,24.0,85.5,1,1
ENT-02092,Macara,210.5,1.409,26.2,2,10,2.8,camioneta,50.0,27.6,0,0
ENT-00411,Loja,124.8,0.391,90.0,2,6,1.8,camion pesado,15.0,25.7,2,1
ENT-00450,Macara,479.5,1.855,30.2,4,11,0.0,camion pesado,,37.1,1,0
ENT-01591,Macara,246.9,0.887,25.6,3,9,0.7,camioneta,99.0,42.9,0,0
ENT-00901,Cariamanga,256.1,0.887,85.7,4,14,0.2,camion liviano,162.0,31.9,0,0
ENT-02282,Zamora,168.5,0.687,41.7,5,10,0.0,camion liviano,9.0,43.8,3,1
ENT-00913,Macara,604.8,3.909,64.5,7,7,,camioneta,,70.4,3,1
ENT-02549,Zamora,114.4,0.418,39.8,6,10,2.0,camion pesado,40.0,93.6,2,1
ENT-00613,Macara,199.7,1.07,127.4,5,7,,camioneta,44.0,90.4,2,1
ENT-01609,Loja,233.5,1.218,68.7,3,9,0.0,camion liviano,19.0,72.8,0,0
ENT-00325,Cariamanga,83.7,0.345,125.3,5,10,0.4,camion pesado,50.0,23.0,0,0
ENT-00508,Zamora,132.8,0.511,28.0,5,11,0.0,camion pesado,42.0,61.2,4,1
ENT-02692,Machala,29.3,0.101,49.6,6,10,1.4,camion pesado,33.0,33.6,3,1
ENT-02873,Catamayo,261.9,0.821,39.0,2,11,2.6,camion pesado,,68.4,3,1
ENT-00496,Catamayo,127.6,0.781,13.3,3,9,0.0,camion liviano,33.0,55.2,1,0
ENT-02494,Macara,747.5,2.524,35.7,11,10,0.8,camion liviano,,48.5,1,1
ENT-02609,Catamayo,39.8,0.137,6.8,12,9,0.0,camion liviano,,34.6,0,1
ENT-02890,loja,49.5,0.193,75.4,11,7,0.0,camioneta,105.0,75.0,6,1
ENT-01006,Cariamanga,87.8,0.313,40.2,3,9,0.0,camion pesado,,71.4,4,1
ENT-02700,Catamayo,480.8,2.752,42.9,9,9,19.1,camion pesado,23.0,46.8,5,1
ENT-01719,Saraguro,473.9,2.688,4.0,5,8,0.0,camion liviano,29.0,74.8,0,1
ENT-00240,Loja ,370.8,2.386,44.4,1,5,5.6,camioneta,,65.7,3,1
ENT-02472,Saraguro,280.8,1.095,53.5,3,9,1.2,camioneta,67.0,24.7,3,1
ENT-02024,Machala,499.7,2.194,33.6,5,6,0.0,camioneta,50.0,80.7,0,0
ENT-02384,Cariamanga,317.3,1.353,145.5,2,11,0.7,camioneta,,52.2,0,1
ENT-01331,Catamayo,449.3,3.024,12.2,7,8,0.0,camioneta,47.0,69.9,0,0
ENT-01002,Macara,311.8,1.075,11.2,6,5,0.0,camioneta,63.0,57.0,1,1
ENT-01193,Cariamanga,542.7,2.355,19.6,2,9,0.0,camioneta,21.0,83.5,1,1
ENT-02203,Macara,574.1,2.744,1.1,8,12,1.3,camioneta,,16.8,1,1
ENT-02964,Saraguro,302.8,1.23,33.7,9,9,1.5,camion liviano,57.0,57.2,1,1
ENT-00890,Cariamanga,99.3,0.366,22.2,3,11,2.9,camioneta,,5.8,0,0
ENT-01492,LOJA,395.0,1.304,29.4,1,10,2.3,camion liviano,,85.5,1,0
ENT-01724,Loja,299.0,1.433,6.7,1,4,0.5,camion liviano,,17.8,1,0
ENT-00545,Zamora,71.2,0.411,35.0,4,9,0.3,camioneta,132.0,46.7,1,1
ENT-01512,Cariamanga,449.9,1.853,8.4,5,9,1.1,camion liviano,49.0,46.6,0,0
ENT-02981,Zamora,301.8,1.789,32.9,3,8,0.7,camion liviano,96.0,39.2,0,0
ENT-01733,Cariamanga,200.9,1.094,10.4,1,10,0.0,camioneta,52.0,39.5,1,0
ENT-02356,Zamora,369.0,2.178,41.6,6,14,0.5,camioneta,,61.3,0,0
ENT-01180,Catamayo,486.7,1.68,55.4,5,9,2.1,camioneta,44.0,64.1,3,1
ENT-00583,Saraguro,-1.0,1.381,49.7,9,5,0.0,camion pesado,31.0,45.2,1,1
ENT-02998,Loja,680.4,3.013,85.9,16,10,2.5,camion liviano,44.0,87.1,1,1
ENT-00719,Saraguro,921.1,3.573,8.9,12,12,6.1,camioneta,11.0,51.4,0,0
ENT-00953,Saraguro,89.9,0.621,76.1,7,14,0.2,camion pesado,,44.4,0,0
ENT-02054,Loja,26.9,0.175,66.5,4,11,0.9,camion liviano,16.0,35.8,0,0
ENT-02792,Zamora,295.3,1.576,50.6,1,10,0.0,camioneta,27.0,70.3,0,1
ENT-01481,Cariamanga,312.0,1.011,1.2,2,13,4.5,camion liviano,40.0,83.4,0,0
ENT-00415,Zamora,216.6,0.934,6.9,9,11,0.7,camion liviano,74.0,96.9,0,1
ENT-01594,Loja,175.0,0.642,17.0,3,15,0.0,camioneta,27.0,17.2,0,1
ENT-00507,Macara,194.5,0.609,38.3,3,4,0.0,camioneta,13.0,66.0,0,0
ENT-01256,Zamora,34.0,0.128,48.5,2,11,7.8,camion liviano,49.0,70.6,0,1
ENT-02523,LOJA,564.8,1.977,42.6,4,12,2.2,camion liviano,,51.9,1,1
ENT-00109,Saraguro,167.9,0.536,5.4,4,7,2.1,camion liviano,,67.1,0,0
ENT-02398,Loja,99.8,0.33,39.2,9,7,,camioneta,37.0,44.9,2,1
ENT-00928,Saraguro,176.2,0.668,58.7,4,6,4.2,camioneta,15.0,75.4,2,1
ENT-01103,Loja,553.9,1.876,26.7,5,9,0.0,camioneta,63.0,19.8,0,0
ENT-01018,Macara,164.2,0.94,48.3,11,7,10.6,camioneta,36.0,11.2,0,0
ENT-00319,Loja,208.6,0.914,47.4,5,11,1.7,camion pesado,38.0,50.7,0,0
ENT-01094,Loja,247.8,0.905,155.0,2,7,0.4,camion liviano,14.0,23.4,0,1
ENT-01718,Loja ,544.5,1.854,30.6,12,10,0.6,camion liviano,21.0,95.2,1,1
ENT-01957,Macara,146.6,0.808,13.9,4,6,20.1,camion liviano,23.0,29.4,2,1
ENT-02209,Loja,323.6,1.221,15.0,4,10,0.2,camioneta,60.0,73.2,0,1
ENT-01037,Loja,231.1,1.618,19.1,6,15,0.0,camioneta,23.0,25.7,1,0
ENT-00403,Zamora,282.7,1.485,37.8,7,10,0.7,camioneta,58.0,69.1,0,0
ENT-01974,Catamayo,107.2,0.361,68.3,10,9,0.5,camioneta,,60.8,1,1
ENT-00813,Machala,276.3,1.234,18.6,13,5,0.0,camion liviano,32.0,55.9,0,1
ENT-01972,Machala,89.5,0.409,17.8,9,9,0.9,camioneta,68.0,84.7,1,0
ENT-00848,Macara,166.5,0.802,46.9,2,6,3.5,camion liviano,9.0,9.0,0,0
ENT-00760,Cariamanga,1003.4,3.385,109.3,2,11,3.5,camion liviano,19.0,53.6,2,1
ENT-01840,Saraguro,324.8,1.613,16.9,5,9,0.0,camioneta,209.0,51.4,0,0
ENT-00388,Machala,120.2,0.778,29.9,3,13,0.2,camion pesado,35.0,44.0,4,1
ENT-02765,Cariamanga,627.3,1.999,18.1,8,10,7.1,camion liviano,149.0,75.6,1,0
ENT-00582,Loja,682.6,2.79,17.0,5,10,,camion liviano,131.0,35.7,0,0
ENT-00786,Saraguro,163.5,0.553,25.6,7,8,2.3,camion pesado,23.0,45.2,3,1
ENT-00558,Cariamanga,217.7,1.134,35.5,3,8,0.0,camioneta,55.0,65.4,0,0
ENT-02621,Cariamanga,397.5,2.045,60.8,12,9,1.8,camion liviano,,33.8,0,0
ENT-01565,Zamora,583.4,2.893,39.4,5,8,2.1,camion liviano,13.0,24.0,1,1
ENT-00297,Macara,265.3,0.948,86.7,7,7,3.1,camion liviano,,74.8,0,0
ENT-01038,Macara,282.5,1.18,78.1,3,10,3.1,camioneta,39.0,25.7,3,1
ENT-01863,Catamayo,301.7,1.484,75.9,1,9,0.7,camioneta,,40.0,1,0
ENT-00071,Catamayo,368.4,1.615,38.4,8,9,0.2,camion liviano,28.0,44.7,0,1
ENT-02220,Loja,259.5,0.813,43.3,2,16,9.4,camion liviano,,79.5,0,1
ENT-02333,Zamora,246.1,0.834,66.4,5,9,5.2,camion liviano,23.0,40.7,1,0
ENT-02572,Zamora,423.2,2.894,82.8,4,11,1.3,camion liviano,22.0,32.5,0,0
ENT-01911,Catamayo,412.2,1.951,58.5,7,10,,camion pesado,37.0,56.4,2,1
ENT-00057,Catamayo,480.0,1.798,71.0,2,10,0.0,camioneta,,29.2,0,0
ENT-02255,Loja,321.2,1.087,18.7,1,11,0.1,camioneta,,57.5,1,1
ENT-02806,Loja ,953.6,4.9,15.9,2,7,0.0,camioneta,22.0,41.0,0,0
ENT-01377,Zamora,150.4,0.532,12.4,7,14,0.4,camion liviano,37.0,32.5,3,1
ENT-01806,Machala,158.0,0.528,64.3,6,16,3.2,camion liviano,,32.1,1,1
ENT-02856,LOJA,397.7,1.691,64.0,5,6,0.2,camioneta,76.0,54.7,0,0
ENT-01058,Machala,208.0,0.695,25.5,3,11,0.0,camioneta,,78.7,0,0
ENT-01337,LOJA,171.7,1.21,88.9,5,10,2.3,camion liviano,51.0,76.8,2,1
ENT-00310,Cariamanga,90.0,0.376,108.5,3,8,1.7,camion liviano,68.0,70.2,1,1
ENT-02831,Zamora,178.9,0.662,156.3,6,8,0.0,camion liviano,40.0,83.0,3,1
ENT-02212,Loja,319.0,1.776,2.3,8,11,0.9,camioneta,15.0,32.3,3,1
ENT-01011,Loja,450.2,2.871,24.2,10,8,0.0,camioneta,55.0,32.3,2,1
ENT-02630,Zamora,240.9,0.806,32.8,3,12,0.0,camioneta,45.0,50.3,0,0
ENT-01608,loja,244.4,0.86,44.8,3,8,,camion liviano,11.0,53.7,0,0
ENT-01245,MACARA,340.2,1.865,51.8,8,12,0.0,camioneta,28.0,56.4,0,1
ENT-00394,Catamayo,300.4,1.535,20.1,2,8,3.3,camion liviano,72.0,83.9,1,0
ENT-02752,Macara,180.6,0.655,152.2,6,7,4.5,camion liviano,19.0,62.9,0,1
ENT-00487,Saraguro,202.9,1.284,37.9,1,10,2.2,camioneta,16.0,60.7,0,1
ENT-01692,Loja,86.4,0.458,13.7,6,8,1.4,camion pesado,102.0,52.9,0,0
ENT-00533,Zamora,194.9,0.766,62.7,6,14,0.0,camion pesado,35.0,47.2,2,1
ENT-02141,Catamayo,349.7,1.769,117.8,2,6,5.4,camioneta,43.0,3.7,0,1
ENT-00569,Cariamanga,252.1,1.438,54.3,1,11,6.9,camion liviano,42.0,69.7,3,1
ENT-02403,Cariamanga,121.2,0.577,144.7,4,10,1.6,camioneta,88.0,74.1,0,0
ENT-01135,Loja,466.4,1.814,102.0,3,10,0.6,camion liviano,,57.4,3,1
ENT-01035,Saraguro,512.0,2.133,9.7,1,10,0.0,camion liviano,50.0,64.6,3,1
ENT-00933,Saraguro,691.3,2.477,72.8,1,8,3.9,camion liviano,34.0,40.8,2,1
ENT-00841,Saraguro,26.3,0.173,12.7,5,11,0.0,camioneta,55.0,46.8,0,0
ENT-02475,Saraguro,510.4,1.653,44.3,6,5,,camioneta,,62.3,1,1
ENT-02078,Loja,110.3,0.345,18.7,5,11,0.2,camion liviano,52.0,72.5,4,1
ENT-02070,Machala,251.7,1.221,64.2,3,13,6.9,camion pesado,57.0,48.4,0,1
ENT-02682,Cariamanga,298.4,1.803,24.6,1,7,0.0,camioneta,30.0,82.0,6,1
ENT-02385,Cariamanga,157.5,0.783,37.3,3,10,0.9,camion liviano,95.0,20.5,0,0
ENT-00437,Macara,218.8,0.802,18.6,3,10,0.2,camioneta,57.0,60.4,0,0
ENT-02789,Machala,486.8,2.401,5.5,8,4,5.6,camion liviano,43.0,52.7,2,1
ENT-00121,Saraguro,107.4,0.549,25.7,7,9,2.1,camion liviano,28.0,21.5,0,0
ENT-02051,Cariamanga,84.5,0.351,93.3,3,9,2.9,camion liviano,7.0,50.6,0,0
ENT-00810,Saraguro,284.7,1.154,7.4,10,6,,camion liviano,,70.6,0,0
ENT-01978,Saraguro,231.0,1.01,79.0,6,14,3.6,camioneta,51.0,47.5,0,0
ENT-01722,Macara,426.5,1.669,108.1,5,10,,camioneta,45.0,65.9,1,1
ENT-01579,Catamayo,662.8,2.749,50.3,7,9,0.0,camioneta,74.0,51.6,0,0
ENT-00314,Machala,183.4,0.685,54.7,4,12,0.4,camioneta,28.0,40.4,0,0
ENT-02273,Loja,16.9,0.075,65.0,1,7,1.3,camion liviano,6.0,69.0,0,1
ENT-00234,Zamora,181.7,1.145,15.6,6,8,0.0,camion liviano,90.0,80.4,4,1
ENT-02460,Cariamanga,104.7,0.634,46.6,2,4,0.2,camioneta,42.0,45.3,0,0
ENT-01026,Catamayo,259.3,1.27,43.1,7,4,1.9,camioneta,20.0,67.6,3,1
ENT-02390,Loja,233.2,1.041,17.0,8,13,0.3,camion pesado,43.0,59.7,3,1
ENT-02908,Saraguro,534.6,3.333,17.3,2,9,10.5,camioneta,,95.2,0,0
ENT-00696,Catamayo,330.9,1.593,48.8,3,7,0.0,camion liviano,95.0,73.6,2,1
ENT-00112,Saraguro,323.5,1.223,68.3,2,10,2.1,camion liviano,10.0,45.5,1,1
ENT-01197,Saraguro,304.8,1.675,62.9,2,11,0.3,camioneta,54.0,49.8,0,0
ENT-02010,Macara,967.3,3.082,42.6,4,9,0.5,camioneta,47.0,59.3,2,1
ENT-00566,Saraguro,290.0,2.049,24.0,7,7,2.9,camion pesado,29.0,92.6,1,1
ENT-01117,Machala,437.6,1.652,22.9,10,8,0.1,camioneta,57.0,35.2,0,0
ENT-01584,Zamora,268.9,0.86,40.9,5,7,0.4,camioneta,,11.1,0,1
ENT-00473,Machala,619.3,3.599,89.9,1,13,1.1,camion liviano,109.0,57.7,1,1
ENT-02585,Machala,327.7,1.881,68.3,3,5,0.7,camioneta,30.0,25.0,2,1
ENT-01740,Machala,178.6,0.564,38.1,3,11,0.0,camion pesado,50.0,74.9,0,1
ENT-02520,Zamora,205.1,0.804,28.0,6,10,0.0,camion liviano,,76.4,4,1
ENT-01836,Catamayo,172.6,0.542,43.3,3,7,0.0,camion liviano,,25.8,1,1
ENT-02100,Macara,464.0,2.66,18.0,20,12,4.8,camioneta,41.0,59.5,4,1
ENT-02835,Loja,485.2,1.78,47.8,4,7,0.0,camioneta,50.0,52.5,0,0
ENT-01378,Saraguro,283.5,1.037,19.1,1,10,0.4,camioneta,57.0,58.4,0,0
ENT-00898,Cariamanga,452.0,2.378,44.6,2,7,0.0,camioneta,4.0,78.3,0,0
ENT-01227,loja,148.7,1.055,20.0,4,15,0.0,camion pesado,,48.3,0,1
ENT-00362,Cariamanga,446.4,1.644,26.5,6,12,0.0,camion liviano,38.0,58.7,0,0
ENT-00136,Saraguro,163.4,0.823,24.5,7,6,,camioneta,,47.9,0,0
ENT-01293,Cariamanga,207.9,1.045,9.3,1,9,2.9,camion liviano,,47.0,0,1
ENT-02213,Macara,121.5,0.428,40.1,4,9,0.1,camion pesado,,88.1,3,1
ENT-02663,Zamora,423.5,1.89,8.3,8,10,,camion liviano,54.0,73.2,0,0
ENT-02304,Loja,217.4,1.312,31.1,4,4,0.1,camion pesado,23.0,69.4,0,0
ENT-00367,Machala,207.4,0.662,94.3,5,10,1.4,camion liviano,46.0,71.1,0,1
ENT-01923,Macara,240.7,0.85,28.8,7,6,1.9,camioneta,,70.6,3,1
ENT-00030,Cariamanga,113.6,0.696,4.5,4,8,0.0,camion pesado,42.0,74.8,2,1
ENT-02553,Zamora,204.2,1.34,29.8,7,8,0.5,camioneta,,54.4,0,0
ENT-00023,Saraguro,123.9,0.704,27.8,1,4,0.0,camioneta,,26.4,0,0
ENT-01107,Macara,302.2,0.96,20.2,1,5,0.1,camion liviano,,71.1,0,0
ENT-02974,Catamayo,303.9,1.207,11.0,6,10,4.8,camioneta,57.0,82.8,2,1
ENT-01695,Loja,153.5,0.481,29.6,13,13,1.7,camioneta,19.0,45.9,0,0
ENT-00421,Loja,295.6,1.043,27.1,4,6,1.1,camioneta,20.0,16.6,0,1
ENT-01661,Macara,213.1,0.763,34.8,4,7,4.6,camioneta,35.0,90.7,0,1
ENT-00461,Cariamanga,245.3,0.888,122.8,11,7,1.3,camioneta,79.0,35.0,3,1
ENT-00044,Machala,577.8,2.372,70.2,2,5,,camion pesado,16.0,69.5,0,1
ENT-00088,Cariamanga,332.5,1.409,13.1,1,7,0.9,camion liviano,72.0,33.6,0,0
ENT-01223,Machala,105.7,0.627,65.9,1,8,5.2,camioneta,,36.5,1,1
ENT-00671,Loja,709.0,2.63,27.8,2,8,,camion liviano,,54.8,1,0
ENT-00283,Zamora,325.4,1.606,41.6,5,10,3.0,camion pesado,40.0,16.5,1,1
ENT-00872,Cariamanga,288.5,0.914,131.2,6,14,2.0,camion liviano,64.0,62.4,3,1
ENT-01095,Machala,642.1,3.314,54.8,1,9,0.5,camion liviano,39.0,55.2,0,0
ENT-00692,Saraguro,1006.9,6.123,49.8,4,8,1.5,camion liviano,,74.2,4,1
ENT-00747,Loja,586.9,2.853,32.0,3,8,9.2,camion liviano,53.0,92.2,1,0
ENT-00799,Catamayo,173.5,1.224,38.6,6,5,1.4,camion liviano,80.0,80.8,2,1
ENT-00534,Cariamanga,570.2,3.637,46.8,17,9,2.2,camioneta,76.0,81.9,1,1
ENT-01672,Saraguro,603.3,2.947,75.2,4,12,,camioneta,,89.1,1,1
ENT-02502,Macara,547.4,2.982,38.4,1,13,0.0,camion pesado,29.0,19.0,0,1
ENT-02406,Machala,308.6,0.969,19.0,12,8,0.1,camion liviano,19.0,76.6,1,1
ENT-02440,Macara,268.8,0.881,28.9,12,9,5.0,camioneta,,41.0,2,1
ENT-02158,Saraguro,338.3,1.87,136.9,4,7,0.0,camioneta,42.0,68.5,0,0
ENT-02695,LOJA,519.3,2.784,47.4,6,7,2.6,camioneta,96.0,37.6,0,1
ENT-01341,Loja,452.6,1.634,13.8,2,8,2.2,camion liviano,41.0,45.8,0,0
ENT-01890,Macara,251.2,1.362,16.2,7,7,0.5,camion liviano,39.0,21.5,0,0
ENT-00811,Zamora,305.4,1.647,16.7,6,8,0.0,camioneta,89.0,44.3,0,0
ENT-00595,Macara,80.7,0.288,57.2,11,12,0.0,camion liviano,,49.5,2,1
ENT-01868,Cariamanga,239.9,1.603,9.8,2,6,0.7,camioneta,17.0,51.2,2,1
ENT-02237,Saraguro,284.1,1.026,133.4,3,7,0.2,camion liviano,82.0,93.1,0,1
ENT-00686,Saraguro,213.7,0.784,25.9,14,12,0.3,camioneta,130.0,65.6,1,1
ENT-01407,Macara,214.4,1.218,179.8,3,4,0.0,camioneta,47.0,18.9,3,1
ENT-00222,Zamora,275.4,1.285,33.2,5,6,0.7,camion pesado,,57.9,0,1
ENT-00544,Macara,191.4,0.993,1.9,12,9,1.7,camion liviano,76.0,49.3,0,0
ENT-01270,Cariamanga,664.9,2.139,12.4,10,9,1.7,camion liviano,73.0,51.9,0,0
ENT-02187,Saraguro,98.2,0.358,19.7,3,6,0.3,camioneta,65.0,79.6,0,0
ENT-02646,Loja,331.8,1.32,30.9,3,11,0.4,camioneta,99.0,42.7,1,0
ENT-01042,Saraguro,200.7,0.922,49.6,3,5,0.6,camion liviano,8.0,68.1,1,0
ENT-00908,Cariamanga,79.4,0.264,30.3,2,8,1.4,camioneta,27.0,22.5,1,0
ENT-01091,Macara,241.6,1.545,38.0,4,15,0.6,camion liviano,20.0,65.0,3,1
ENT-01101,Loja,382.2,2.333,55.4,3,13,2.6,camion liviano,56.0,87.9,0,0
ENT-00677,Machala,32.3,0.141,6.3,4,5,1.7,camion pesado,,64.9,1,1
ENT-00683,LOJA,487.4,2.547,65.1,3,8,0.0,camioneta,36.0,71.1,0,0
ENT-02119,Cariamanga,131.4,0.483,30.8,3,10,0.4,camion liviano,95.0,55.4,2,1
ENT-00273,Zamora,416.0,1.64,129.9,7,7,,camion liviano,,78.2,0,1
ENT-00522,Macara,383.3,2.001,12.6,7,12,1.0,camioneta,98.0,37.9,0,0
ENT-01376,Catamayo,175.4,0.566,137.2,3,9,,camioneta,33.0,4.6,2,1
ENT-01394,Saraguro,352.2,1.128,25.1,6,7,0.0,camion pesado,12.0,36.1,3,1
ENT-00602,Machala,100.1,0.386,22.6,4,8,2.3,camioneta,63.0,53.1,0,0
ENT-00946,Catamayo,341.4,1.197,6.8,5,9,6.4,camion liviano,164.0,33.9,0,0
ENT-00351,Catamayo,180.0,0.946,26.3,3,9,0.2,camion liviano,18.0,57.2,1,1
ENT-02114,Zamora,115.7,0.407,83.1,6,8,1.7,camion liviano,49.0,25.4,0,0
ENT-01601,Machala,677.7,2.622,31.4,5,9,1.0,camioneta,,67.7,0,0
ENT-02363,Machala,332.3,1.193,55.2,3,9,6.7,camioneta,,21.7,3,1
ENT-00742,Machala,46.6,0.162,43.5,15,4,5.1,camion liviano,,66.8,1,0
ENT-02647,Macara,701.7,3.598,63.9,2,9,0.0,camioneta,,16.5,2,1
ENT-01656,Catamayo,833.3,5.72,14.9,9,10,0.5,camion liviano,125.0,58.5,0,0
ENT-02955,Macara,345.9,1.089,41.2,1,8,2.6,camioneta,50.0,32.2,1,0
ENT-02913,Macara,128.3,0.837,25.3,9,7,0.7,camion liviano,30.0,30.7,0,0
ENT-02667,Macara,380.3,1.4,53.4,3,9,,camioneta,125.0,34.6,1,1
ENT-00169,Machala,117.2,0.698,71.2,6,13,4.0,camioneta,38.0,62.8,2,1
ENT-01346,Machala,91.9,0.303,71.6,1,7,2.4,camioneta,73.0,57.3,0,0
ENT-01780,Machala,75.1,0.366,16.8,3,8,3.3,camion liviano,22.0,72.6,1,1
ENT-01813,Catamayo,554.7,1.87,60.0,1,10,4.5,camioneta,70.0,80.2,3,1
ENT-01234,Saraguro,455.9,1.539,5.1,1,10,2.4,camioneta,9.0,26.6,0,0
ENT-00941,Macara,254.9,0.802,30.2,12,12,0.7,camion pesado,56.0,11.1,1,1
ENT-02121,Cariamanga,541.7,2.087,62.8,7,5,0.2,camion pesado,,40.3,0,0
ENT-02779,Catamayo,302.4,0.98,32.5,3,12,3.1,camioneta,69.0,47.3,1,0
ENT-02280,Machala,683.3,2.652,34.8,5,7,0.4,camioneta,34.0,55.6,0,0
ENT-00220,Loja,346.8,1.586,75.5,7,6,1.7,camioneta,48.0,95.5,1,1
ENT-00368,Catamayo,821.1,3.979,60.2,10,10,1.6,camion liviano,,48.3,1,1
ENT-02303,Loja,78.3,0.425,28.4,2,5,0.2,camioneta,156.0,46.5,0,0
ENT-02323,Loja,524.1,1.885,12.2,2,8,0.0,camioneta,,68.5,3,1
ENT-02032,Saraguro,303.7,1.396,33.6,4,10,0.8,camioneta,19.0,27.1,0,1
ENT-01374,Zamora,157.2,0.503,17.8,3,11,0.3,camion pesado,34.0,23.5,0,0
ENT-00352,Loja,296.1,1.095,109.8,1,4,1.2,camioneta,2.0,65.8,2,1
ENT-02919,Catamayo,201.2,0.712,61.6,3,8,0.0,camion liviano,83.0,29.1,0,0
ENT-02901,Catamayo,202.2,0.689,88.0,6,8,2.6,camioneta,25.0,71.2,1,1
ENT-02582,Catamayo,495.4,1.619,13.2,2,11,1.5,camion pesado,31.0,97.5,1,1
ENT-01937,Saraguro,235.1,1.382,28.2,9,5,,camioneta,15.0,41.4,0,0
ENT-02744,MACARA,483.3,1.787,132.7,2,13,0.0,camioneta,69.0,55.7,0,1
ENT-02418,Macara,421.5,1.705,88.3,7,10,5.5,camion liviano,12.0,24.8,2,1
ENT-00499,Catamayo,338.4,1.495,24.4,4,6,4.1,camioneta,94.0,49.8,1,1
ENT-01710,Catamayo,214.3,1.035,20.8,2,12,2.8,camion liviano,42.0,50.4,0,0
ENT-00211,Macara,129.9,0.577,31.7,4,9,0.0,camion liviano,,12.6,0,0
ENT-01396,Saraguro,1305.2,7.337,78.2,2,4,0.0,camioneta,57.0,31.4,0,0
ENT-00802,Saraguro,515.5,2.925,17.0,7,10,0.0,camion liviano,1.0,28.4,1,1
ENT-00228,LOJA,84.9,0.308,15.1,2,9,0.3,camion liviano,59.0,61.0,0,0
ENT-00366,Cariamanga,232.6,0.854,102.9,6,7,3.0,camioneta,12.0,38.0,0,1
ENT-02576,Cariamanga,128.7,0.443,15.4,6,12,0.4,camion liviano,61.0,62.4,2,1
ENT-00277,Loja ,142.3,0.819,66.4,3,9,0.0,camion liviano,39.0,16.0,0,0
ENT-02177,Catamayo,516.9,2.183,18.6,4,11,,camion liviano,74.0,62.8,0,0
ENT-02673,Saraguro,209.4,1.398,14.6,9,6,0.0,camion pesado,,81.9,1,1
ENT-01296,loja,133.2,0.653,35.1,2,6,0.0,camioneta,56.0,38.9,0,0
ENT-00408,LOJA,270.9,1.096,21.6,4,7,0.4,camion liviano,,55.4,0,0
ENT-02013,Loja,81.3,0.284,76.4,2,8,4.4,camioneta,51.0,49.5,2,1
ENT-01072,Machala,787.5,4.428,6.5,7,10,1.0,camion liviano,56.0,43.3,3,1
ENT-02382,Catamayo,122.5,0.512,1.0,3,6,0.0,camioneta,131.0,21.1,0,0
ENT-00840,Machala,811.1,4.803,70.3,7,9,1.6,camion pesado,31.0,88.9,1,0
ENT-01910,Catamayo,359.4,2.283,46.8,18,9,0.0,camioneta,11.0,66.6,1,1
ENT-02939,Zamora,745.0,4.877,36.5,5,15,1.1,camion liviano,,47.4,2,1
ENT-00652,Zamora,473.5,2.222,31.2,2,5,3.4,camion liviano,27.0,27.0,0,1
ENT-00008,Zamora,285.4,1.678,86.4,2,10,1.5,camion liviano,43.0,41.2,2,1
ENT-00730,Macara,254.0,0.963,12.8,18,12,0.0,camion liviano,,84.7,1,1
ENT-01273,Macara,294.1,1.635,126.2,15,6,0.7,camioneta,56.0,10.7,1,1
ENT-00839,Zamora,342.6,1.259,68.4,9,11,0.0,camioneta,99.0,55.7,0,0
ENT-00416,Macara,352.9,1.688,47.3,5,8,0.8,camioneta,29.0,9.3,0,0
ENT-02881,Cariamanga,264.3,1.601,36.0,5,10,0.2,camion liviano,,33.2,1,0
ENT-02504,Macara,-1.0,2.055,49.6,5,6,,camion liviano,74.0,91.4,1,1
ENT-01766,Zamora,117.0,0.568,25.8,2,11,0.0,camion liviano,61.0,49.9,0,0
ENT-02911,Cariamanga,289.0,0.962,58.2,2,11,0.7,camion pesado,29.0,20.3,0,0
ENT-00200,Macara,184.4,1.219,48.5,6,13,0.0,camioneta,,62.9,0,0
ENT-00284,Saraguro,116.1,0.462,52.9,6,4,5.0,camion liviano,29.0,32.4,3,1
ENT-00232,Loja,95.2,0.449,1.0,6,4,4.0,camioneta,,51.9,2,1
ENT-00694,Machala,310.5,1.061,30.1,2,10,0.0,camion liviano,24.0,42.4,0,0
ENT-02995,Macara,82.1,0.259,128.8,7,6,0.0,camioneta,18.0,41.3,1,1
ENT-00097,Machala,636.7,3.379,30.9,3,11,0.1,camioneta,,44.9,0,0
ENT-01420,Machala,134.6,0.647,36.2,3,5,0.5,camioneta,42.0,71.3,1,0
ENT-02623,Machala,644.9,2.087,11.9,6,8,3.1,camion liviano,,80.2,0,0
ENT-01455,Cariamanga,616.8,2.203,43.1,2,7,1.3,camion pesado,,77.8,0,0
ENT-01651,loja,260.0,0.963,36.5,4,8,1.9,camioneta,42.0,70.8,1,1
ENT-01475,Loja,166.5,0.76,45.6,4,10,3.4,camioneta,,32.6,0,1
ENT-01230,Saraguro,208.6,1.415,20.2,4,5,2.8,camion liviano,111.0,53.1,4,1
ENT-02921,Loja,392.8,1.442,40.2,6,9,0.0,camion liviano,148.0,23.1,0,0
ENT-02953,Saraguro,160.6,0.724,60.4,5,9,1.4,camion liviano,24.0,57.8,5,1
ENT-01473,Saraguro,449.5,1.686,23.2,10,12,0.0,camion pesado,18.0,59.6,0,0
ENT-01443,Catamayo,1028.9,3.304,8.0,4,10,2.3,camion liviano,8.0,79.7,2,1
ENT-00105,Macara,386.9,2.201,73.5,3,9,0.0,camion pesado,,28.9,2,1
ENT-02276,Catamayo,241.9,0.818,9999.0,2,5,,camion pesado,13.0,72.5,1,1
ENT-01106,Loja,717.6,2.243,43.2,3,9,5.1,camioneta,60.0,80.7,0,0
ENT-01552,Cariamanga,238.1,1.034,22.2,5,9,2.6,camioneta,36.0,21.6,2,1
ENT-01065,loja,171.5,0.624,54.6,4,7,5.2,camion liviano,,53.0,1,1
ENT-01237,Cariamanga,201.7,0.879,31.8,3,7,0.0,camion liviano,39.0,87.0,1,1
ENT-02190,LOJA,273.2,0.937,47.2,6,12,0.0,camioneta,84.0,13.9,0,0
ENT-01024,Loja,746.5,2.556,48.8,1,9,5.3,camion liviano,61.0,42.8,0,0
ENT-00227,Saraguro,215.7,0.682,84.8,3,11,10.1,camioneta,91.0,63.0,3,1
ENT-01081,Loja ,371.0,2.368,59.3,6,9,6.8,camioneta,,27.9,1,1
ENT-02345,Machala,276.7,0.889,25.4,2,7,0.8,camion liviano,,67.2,1,1
ENT-02656,Cariamanga,210.4,1.493,31.4,7,10,2.5,camion liviano,48.0,59.9,0,0
ENT-02026,Zamora,154.2,0.994,25.7,7,11,0.0,camion liviano,39.0,23.9,1,1
ENT-00931,Lója,1017.8,3.199,15.9,4,14,0.0,camion liviano,27.0,37.8,1,1
ENT-01079,Cariamanga,747.8,4.714,14.3,11,4,4.0,camioneta,,73.0,0,1
ENT-01905,Machala,180.6,1.179,43.9,4,9,0.0,camion liviano,1.0,65.5,0,1
ENT-02105,Machala,345.7,1.203,28.9,2,11,0.4,camion liviano,40.0,77.0,0,0
ENT-00728,Cariamanga,452.0,2.74,28.9,11,10,0.3,camioneta,34.0,20.8,0,0
ENT-01671,Cariamanga,181.3,0.739,22.3,2,14,0.3,camion liviano,,72.2,0,0
ENT-00465,Loja,555.7,2.993,38.6,10,7,1.9,camion pesado,43.0,50.9,1,1
ENT-00790,Loja,334.7,1.109,66.2,8,13,0.0,camioneta,76.0,49.2,2,1
ENT-00762,Loja,181.2,0.749,103.0,10,13,4.4,camion pesado,7.0,55.9,3,1
ENT-00773,Loja,104.0,0.382,10.8,10,4,1.1,camion liviano,,40.4,0,1
ENT-01738,Loja,124.9,0.567,52.4,11,8,2.7,camioneta,,62.6,0,0
ENT-01265,Lója,509.8,2.159,51.2,3,8,0.0,camioneta,,70.2,0,0
ENT-02848,Macara,288.3,1.098,42.9,5,10,2.1,camioneta,,55.7,4,1
ENT-01685,Zamora,460.1,2.254,25.2,2,6,0.6,camioneta,46.0,43.4,0,1
ENT-00213,Cariamanga,211.4,1.084,5.8,2,9,0.1,camioneta,,83.3,0,0
ENT-00013,Catamayo,460.1,2.188,23.2,3,10,1.1,camioneta,99.0,48.5,0,0
ENT-02962,Loja,447.3,2.705,62.0,7,7,1.7,camioneta,,43.0,0,1
ENT-00423,Loja,710.9,3.026,32.7,5,13,0.0,camioneta,10.0,86.6,0,0
ENT-02176,Machala,324.4,1.381,46.6,15,5,6.0,camion liviano,34.0,25.0,4,1
ENT-01730,Saraguro,131.6,0.478,24.0,10,7,0.0,camioneta,30.0,86.6,0,1
ENT-02497,Cariamanga,227.2,1.126,9.7,12,13,2.7,camion liviano,,62.6,3,1
ENT-02395,Machala,159.4,0.526,54.1,6,10,3.5,camioneta,68.0,37.7,0,0
ENT-02895,Macara,359.9,2.269,29.8,1,7,1.0,camioneta,,54.2,0,0
ENT-01124,Macara,47.2,0.237,32.0,8,10,2.2,camioneta,32.0,51.4,2,1
ENT-02367,Catamayo,294.0,1.539,25.8,3,9,0.3,camion pesado,,15.1,1,1
ENT-02588,Loja,374.4,1.883,36.1,5,8,2.4,camioneta,48.0,52.4,1,0
ENT-01676,Machala,84.2,0.48,20.5,3,8,,camioneta,62.0,17.0,1,0
ENT-00510,Zamora,391.9,1.404,13.2,11,15,1.1,camioneta,17.0,44.2,4,1
ENT-00645,Catamayo,38.0,0.238,15.6,17,12,0.5,camion liviano,48.0,77.2,1,1
ENT-00598,Macara,182.9,0.575,71.3,2,9,0.0,camioneta,15.0,47.9,0,0
ENT-00979,Loja,261.1,0.947,40.2,6,12,0.9,camioneta,6.0,83.4,0,0
ENT-00806,Saraguro,369.1,1.281,62.1,8,9,10.1,camioneta,51.0,40.8,2,1
ENT-02458,Zamora,153.0,0.889,96.8,2,5,0.8,camioneta,,36.3,3,1
ENT-02698,Catamayo,166.5,0.71,89.3,2,10,1.0,camion liviano,8.0,39.3,0,0
ENT-00519,Macara,161.5,0.601,24.8,2,8,0.6,camion liviano,143.0,73.6,0,0
ENT-02555,Loja,778.0,4.808,66.1,7,11,3.7,camion liviano,28.0,13.2,2,1
ENT-00574,Loja,124.0,0.609,42.3,2,11,0.0,camion liviano,31.0,56.3,1,0
ENT-02988,Saraguro,106.1,0.614,21.0,11,7,2.4,camioneta,15.0,26.4,2,1
ENT-02781,Zamora,266.8,1.791,57.4,4,14,0.0,camioneta,,31.2,0,0
ENT-01160,Saraguro,628.6,2.563,29.6,2,8,0.9,camion liviano,,59.7,2,1
ENT-02315,Loja,368.9,2.115,17.8,5,6,0.3,camioneta,80.0,20.7,0,0
ENT-01727,loja,303.0,0.998,49.5,10,8,,camion liviano,,64.7,1,1
ENT-02047,Zamora,285.5,0.944,15.2,5,9,1.7,camion liviano,43.0,32.1,0,1
ENT-02865,LOJA,388.3,1.392,15.7,2,6,2.0,camioneta,58.0,56.2,1,1
ENT-00124,Cariamanga,875.4,5.682,56.6,1,12,0.0,camion pesado,12.0,17.3,0,0
ENT-01235,Lója,-1.0,0.865,17.0,4,13,1.8,camioneta,32.0,53.0,0,0
ENT-00221,Macara,142.7,0.946,89.2,7,10,3.6,camion pesado,,69.0,4,1
ENT-02966,Loja,280.3,0.974,31.2,5,9,0.0,camioneta,,63.7,0,0
ENT-00359,Catamayo,545.5,3.397,24.6,1,10,0.0,camioneta,26.0,69.4,1,1
ENT-02452,Macara,106.3,0.567,61.4,5,8,0.6,camioneta,43.0,77.9,1,0
ENT-01872,Cariamanga,214.1,0.999,44.6,10,7,1.8,camion liviano,31.0,29.7,1,1
ENT-01690,Zamora,256.8,0.863,23.7,3,9,5.4,camion pesado,123.0,47.6,0,0
ENT-00260,Machala,303.8,1.122,16.7,16,11,0.4,camion liviano,72.0,26.3,2,1
ENT-02828,Loja,266.0,0.927,49.4,3,12,0.3,camion liviano,27.0,20.8,0,0
ENT-00880,Loja,153.9,1.008,35.3,3,9,0.0,camion liviano,32.0,74.3,0,1
ENT-02441,Saraguro,850.8,4.56,69.6,2,4,2.2,camion liviano,6.0,85.2,1,1
ENT-00965,Cariamanga,201.4,1.196,29.0,4,11,0.0,camion liviano,96.0,51.4,0,1
ENT-01048,Machala,139.8,0.811,65.7,1,10,0.3,camioneta,11.0,77.2,0,0
ENT-02687,MACARA,362.7,2.12,34.9,6,10,2.4,camion liviano,,77.8,3,1
ENT-02442,Catamayo,264.3,1.681,36.8,3,12,0.8,camion pesado,,61.5,2,1
ENT-01559,Macara,366.5,1.324,4.4,6,13,2.5,camion liviano,11.0,56.0,0,0
ENT-00863,Catamayo,146.6,0.551,41.2,6,6,,camion liviano,33.0,11.0,1,1
ENT-02772,Zamora,540.4,2.393,11.7,4,9,0.1,camion liviano,33.0,37.0,0,0
ENT-02373,Macara,606.0,2.028,15.9,8,13,0.0,camion liviano,,44.7,0,0
ENT-00457,Cariamanga,543.1,2.068,45.6,7,9,6.4,camioneta,87.0,63.0,1,1
ENT-00463,Cariamanga,219.0,0.962,20.5,3,8,3.9,camion liviano,26.0,76.6,0,0
ENT-02270,Machala,1113.2,4.751,24.0,1,11,,camioneta,45.0,73.2,0,0
ENT-01382,Zamora,266.9,1.664,126.6,2,14,0.0,camioneta,17.0,48.7,4,1
ENT-01570,Machala,251.6,1.238,7.8,5,4,2.7,camioneta,,67.5,0,0
ENT-00382,Loja,357.1,1.429,14.1,14,6,4.3,camion liviano,,47.0,4,1
ENT-00927,Saraguro,576.0,3.07,11.8,3,6,0.1,camion liviano,15.0,79.2,0,0
ENT-01125,Zamora,251.4,1.225,138.6,5,13,2.2,camion liviano,28.0,65.1,1,1
ENT-00756,Macara,444.8,2.158,51.6,2,10,4.2,camion liviano,6.0,9.9,3,1
ENT-02517,Catamayo,360.2,1.238,27.2,2,11,1.3,camioneta,60.0,28.7,0,0
ENT-01815,Loja,217.6,1.356,5.8,8,9,0.0,camioneta,75.0,84.3,0,0
ENT-01462,Cariamanga,146.1,0.638,65.4,8,6,0.3,camion liviano,,42.5,0,0
ENT-02197,Loja,89.5,0.465,46.3,3,12,0.6,camioneta,,90.6,1,1
ENT-02184,Zamora,828.0,3.291,47.9,6,6,0.9,camioneta,,29.7,0,0
ENT-00858,Zamora,140.3,0.606,18.1,5,8,0.0,camion liviano,49.0,80.0,1,1
ENT-01843,Cariamanga,486.1,2.946,81.8,4,5,0.7,camion pesado,78.0,76.4,4,1
ENT-02033,Saraguro,492.1,3.075,19.5,4,9,0.5,camioneta,27.0,20.7,1,0
ENT-02809,Cariamanga,281.0,1.595,33.3,3,14,0.0,camion liviano,87.0,82.3,0,0
ENT-02408,loja,351.7,1.344,59.9,3,6,0.0,camioneta,37.0,41.6,0,1
ENT-02335,Cariamanga,295.2,1.275,67.9,5,8,0.9,camioneta,72.0,68.1,2,1
ENT-00963,Cariamanga,429.7,1.459,10.9,4,4,3.4,camion pesado,13.0,15.2,0,0
ENT-01240,Saraguro,223.5,0.768,20.4,2,10,0.5,camion pesado,159.0,44.0,0,0
ENT-00543,Saraguro,508.4,3.298,122.8,6,10,1.7,camion liviano,,75.2,5,1
ENT-02941,Loja,131.8,0.729,67.4,4,7,4.8,camioneta,78.0,85.5,1,1
ENT-01338,Catamayo,494.2,2.29,25.9,4,14,0.0,camioneta,84.0,55.2,1,0
ENT-01236,Catamayo,486.9,3.216,10.0,1,11,0.0,camion liviano,48.0,6.9,0,0
ENT-02949,Zamora,528.0,2.189,30.3,3,7,1.0,camioneta,36.0,12.4,0,0
ENT-02180,Machala,395.3,1.404,4.9,3,11,1.1,camioneta,63.0,53.5,0,0
ENT-02470,Catamayo,156.7,0.792,47.6,8,99,0.0,camioneta,26.0,43.8,2,1
ENT-00950,LOJA,491.4,1.618,61.0,4,12,0.0,camioneta,4.0,15.7,0,0
ENT-02196,Loja,518.5,2.197,9.0,3,9,0.1,camion liviano,18.0,66.8,2,1
ENT-01221,Zamora,114.7,0.652,17.4,3,8,14.1,camioneta,,62.5,1,0
ENT-02952,Macara,150.0,0.8,39.1,2,13,2.8,camioneta,32.0,59.5,3,1
ENT-02787,Catamayo,38.2,0.157,33.5,10,9,0.0,camion liviano,34.0,89.4,0,0
ENT-01463,Macara,468.0,2.041,46.1,11,8,0.0,camion liviano,63.0,17.3,1,1
ENT-02469,Loja,256.8,1.051,83.4,5,9,0.0,camioneta,,57.5,0,1
ENT-02017,Zamora,321.7,1.434,63.9,3,7,1.7,camioneta,,75.6,2,1
ENT-00991,Machala,743.7,4.01,8.9,4,9,0.0,camion liviano,75.0,82.3,0,0
ENT-00436,LOJA,373.3,2.012,96.9,6,5,0.3,camioneta,,56.5,0,0
ENT-01000,Saraguro,430.9,2.084,33.2,1,9,,camioneta,,75.2,0,0
ENT-00238,Saraguro,544.6,3.035,46.9,6,12,5.2,camion liviano,45.0,69.5,0,1
ENT-02722,machala,520.7,1.78,40.5,11,9,1.6,camion liviano,,54.0,1,1
ENT-00110,Cariamanga,201.1,1.413,3.7,6,11,2.5,camion pesado,78.0,68.7,1,1
ENT-00782,Saraguro,192.3,0.938,66.5,7,11,0.7,camioneta,71.0,43.4,0,0
ENT-02098,Catamayo,305.5,1.462,45.5,3,10,0.0,camioneta,82.0,42.4,3,1
ENT-00164,Macara,105.2,0.354,10.2,1,9,0.9,camioneta,,64.7,0,0
ENT-00289,Macara,132.7,0.683,42.0,9,9,3.9,camioneta,33.0,47.0,0,0
ENT-00253,Macara,195.5,0.897,57.5,4,4,0.2,camioneta,74.0,41.7,0,1
ENT-01162,Saraguro,632.0,2.495,57.5,14,10,3.0,camion pesado,,62.6,2,1
ENT-02169,Machala,143.1,0.786,54.9,12,7,1.6,camioneta,78.0,37.1,3,1
ENT-01949,Loja ,214.2,1.436,42.3,2,10,0.0,camion pesado,,46.3,0,1
ENT-00768,Catamayo,300.8,1.671,68.0,7,5,2.9,camioneta,27.0,41.0,1,1
ENT-00788,Machala,565.0,3.673,18.2,8,13,1.1,camion pesado,,92.2,2,1
ENT-01360,Catamayo,178.8,1.027,58.9,2,14,5.0,camion liviano,83.0,38.5,0,0
ENT-00832,Catamayo,353.2,1.377,43.5,6,7,1.8,camion pesado,,49.1,0,0
ENT-01930,Cariamanga,101.2,0.329,18.1,8,7,0.0,camion liviano,81.0,38.0,0,0
ENT-01386,Machala,230.7,1.166,64.3,13,4,0.0,camion pesado,,74.9,3,1
ENT-02804,Cariamanga,962.3,4.441,29.5,3,13,0.0,camioneta,21.0,87.6,0,1
ENT-02381,Loja,323.7,1.042,37.2,3,10,2.1,camion liviano,30.0,66.8,0,1
ENT-02904,Macara,614.0,3.835,40.5,7,8,1.8,camioneta,13.0,84.0,4,1
ENT-01269,Zamora,177.2,0.602,23.4,6,9,1.1,camioneta,,40.8,0,1
ENT-02253,Zamora,183.7,0.647,51.1,3,10,1.4,camioneta,62.0,64.3,3,1
ENT-01290,Saraguro,653.2,2.916,71.4,6,9,0.2,camion liviano,40.0,56.1,4,1
ENT-01299,LOJA,159.5,0.575,43.2,3,9,1.5,camion liviano,43.0,53.7,6,1
ENT-02448,Machala,515.0,3.091,89.4,6,12,5.8,camioneta,66.0,77.5,3,1
ENT-00462,Catamayo,115.9,0.528,56.1,10,11,3.9,camioneta,123.0,77.5,1,0
ENT-01741,Saraguro,200.1,0.98,35.8,1,6,3.3,camioneta,56.0,50.5,1,1
ENT-01511,Macara,189.9,0.758,30.1,3,5,0.6,camioneta,6.0,10.2,0,0
ENT-00158,Saraguro,354.3,1.209,18.6,4,6,0.6,camion liviano,63.0,34.7,0,0
ENT-00904,Macara,297.9,1.304,34.6,9,13,0.0,camioneta,63.0,51.2,0,1
ENT-02004,Saraguro,168.8,1.093,33.1,4,10,6.5,camioneta,101.0,24.2,1,1
ENT-02951,loja,247.0,0.981,132.2,4,9,3.2,camioneta,33.0,49.7,3,1
ENT-00678,Zamora,224.9,1.157,74.9,7,5,3.8,camioneta,,72.6,0,1
ENT-01761,Catamayo,46.9,0.201,23.9,3,8,2.5,camioneta,63.0,70.5,0,0
ENT-02412,Macara,401.4,2.841,53.3,8,6,0.0,camioneta,,43.4,0,0
ENT-00239,Cariamanga,531.8,2.028,2.8,2,10,0.3,camion liviano,124.0,58.6,0,0
ENT-00882,Macara,242.8,0.944,181.5,1,9,1.2,camioneta,10.0,67.5,2,1
ENT-01400,Saraguro,91.6,0.313,11.8,6,11,0.0,camion liviano,40.0,44.4,0,0
ENT-00244,Zamora,117.8,0.402,46.3,8,10,3.9,camion liviano,,58.5,0,0
ENT-00101,Zamora,219.0,0.888,2.1,2,11,1.8,camion liviano,104.0,83.4,1,0
ENT-00316,Machala,172.7,0.614,9.3,4,9,0.0,camioneta,,43.4,0,0
ENT-00912,Saraguro,588.6,2.466,40.4,9,7,0.0,camion pesado,,72.2,2,1
ENT-01098,Loja ,101.9,0.319,51.2,2,6,2.1,camioneta,15.0,55.6,0,0
ENT-01002,Macara,311.8,1.075,11.2,6,5,0.0,camioneta,63.0,57.0,1,1
ENT-00980,Loja,205.3,1.064,128.1,12,5,,camion liviano,40.0,52.9,0,0
ENT-00262,Loja,168.6,1.202,109.2,5,12,,camion liviano,44.0,83.4,0,0
ENT-02005,Machala,286.9,1.26,30.2,8,8,0.7,camioneta,31.0,48.7,0,1
ENT-01726,Machala,493.3,3.241,8.0,4,8,1.4,camioneta,32.0,76.1,0,0
ENT-00196,Machala,356.2,1.924,53.5,6,15,1.2,camion liviano,37.0,17.7,0,1
ENT-01862,Macara,236.6,0.864,23.7,1,10,2.5,camion pesado,46.0,68.5,1,1
ENT-01779,Macara,604.3,2.136,54.5,3,8,4.0,camioneta,33.0,63.2,2,1
ENT-01821,Cariamanga,672.2,3.45,70.3,2,7,10.0,camion pesado,76.0,62.7,5,1
ENT-00180,Catamayo,221.0,1.408,42.4,2,10,2.9,camioneta,36.0,53.8,0,0
ENT-01599,Machala,84.0,0.419,52.5,3,12,1.0,camion liviano,52.0,9.7,0,0
ENT-02365,Cariamanga,78.9,0.317,71.7,6,7,2.1,camion liviano,18.0,70.2,2,1
ENT-02296,Saraguro,157.1,0.791,47.5,3,11,2.3,camion liviano,54.0,47.8,2,1
ENT-02229,Machala,107.4,0.37,30.1,5,8,1.2,camioneta,69.0,75.9,0,0
ENT-00341,Catamayo,819.6,3.431,49.2,11,9,2.5,camion liviano,67.0,51.0,1,0
ENT-02160,Zamora,448.1,1.88,10.8,4,13,1.9,camion liviano,95.0,92.0,2,1
ENT-01232,Saraguro,157.3,0.908,69.1,3,13,0.3,camion liviano,23.0,16.5,0,0
ENT-00749,Loja,521.0,1.947,32.6,6,7,0.4,camioneta,81.0,83.7,0,0
ENT-02645,Loja,233.7,0.998,19.7,7,4,4.6,camioneta,53.0,89.5,1,1
ENT-00663,machala,291.7,1.436,86.5,5,7,,camioneta,,50.7,1,1
ENT-00481,Loja,396.7,1.539,69.3,2,11,0.0,camion liviano,,48.7,0,0
ENT-00804,Catamayo,132.1,0.803,8.2,8,9,1.0,camion liviano,36.0,72.4,3,1
ENT-02944,Machala,438.4,2.779,11.8,11,6,1.3,camioneta,,67.0,3,1
ENT-02699,MACARA,404.0,2.719,54.6,5,4,8.2,camioneta,66.0,65.5,0,0
ENT-01412,Catamayo,111.5,0.382,56.1,7,6,,camion liviano,,77.8,2,1
ENT-02484,Macara,874.0,4.363,106.6,3,8,2.2,camioneta,15.0,57.4,4,1
ENT-00550,Catamayo,33.1,0.16,23.6,2,9,2.7,camion pesado,36.0,60.8,0,1
ENT-01499,Saraguro,382.0,1.882,63.1,4,10,0.9,camioneta,79.0,62.3,0,0
ENT-00784,MACARA,58.1,0.347,13.7,4,11,1.1,camioneta,,86.2,0,0
ENT-02764,Machala,193.6,0.742,19.3,5,7,0.0,camioneta,25.0,66.8,0,0
ENT-02226,Machala,212.0,0.805,51.2,11,10,0.7,camion liviano,23.0,54.6,4,1
ENT-00743,Loja,73.5,0.252,20.3,8,11,2.0,camioneta,12.0,72.4,0,0
ENT-02464,Cariamanga,612.3,2.736,52.7,13,11,0.9,camioneta,59.0,44.2,2,1
ENT-01790,Saraguro,314.5,2.018,35.7,2,10,5.8,camioneta,37.0,51.0,0,0
ENT-02852,Cariamanga,164.5,0.591,36.3,12,8,0.0,camion liviano,26.0,66.6,3,1
ENT-01967,Machala,183.2,0.847,8.8,9,8,0.2,camioneta,,52.2,2,1
ENT-02002,Saraguro,267.4,1.695,24.7,4,8,0.0,camion liviano,41.0,84.4,2,1
ENT-02882,Loja,215.4,0.796,88.3,9,6,0.1,camion pesado,,72.5,1,1
ENT-02354,Cariamanga,138.8,0.591,11.2,8,10,1.7,camioneta,60.0,30.2,0,0
ENT-01069,Machala,196.7,0.859,37.0,2,6,2.7,camioneta,19.0,63.4,1,1
ENT-00248,LOJA,402.5,1.622,3.4,4,9,1.6,camion pesado,37.0,56.9,2,1
ENT-02120,machala,235.1,0.905,53.4,9,10,0.7,camion pesado,,73.6,0,1
ENT-01189,Machala,232.9,1.23,13.1,3,11,0.4,camion liviano,,78.2,2,1
ENT-02776,Zamora,304.1,1.075,57.8,11,8,1.6,camion pesado,65.0,33.4,2,1
ENT-00627,Zamora,192.3,0.605,109.3,2,10,2.3,camioneta,18.0,82.4,0,0
ENT-00348,Loja,477.4,1.82,16.4,4,5,4.6,camioneta,,29.0,1,1
ENT-00279,Saraguro,474.9,1.892,33.5,1,8,0.0,camion liviano,,71.0,3,1
ENT-02205,Machala,449.6,2.216,31.7,1,9,3.3,camion liviano,59.0,38.5,0,1
ENT-02721,Catamayo,333.2,1.476,46.4,6,9,4.2,camion liviano,70.0,50.3,4,1
ENT-00656,Cariamanga,50.7,0.23,57.9,2,11,0.1,camioneta,,78.4,0,0
ENT-02874,Macara,52.1,0.2,37.6,4,11,0.7,camion liviano,56.0,17.2,0,0
ENT-01322,Loja,340.2,1.236,39.6,4,9,0.0,camioneta,114.0,56.1,3,1
ENT-02679,MACARA,360.4,2.023,45.7,5,8,1.1,camioneta,,78.1,0,0
ENT-02642,Loja,322.4,2.024,48.3,6,10,0.4,camioneta,104.0,61.9,1,1
ENT-02112,loja,356.5,1.352,16.7,1,10,0.0,camioneta,51.0,90.3,0,0
ENT-01794,Catamayo,725.9,2.931,51.5,6,6,0.1,camion pesado,11.0,21.2,2,1
ENT-01816,Macara,501.8,3.234,29.6,6,10,2.4,camioneta,41.0,90.2,0,0
ENT-02431,Machala,275.0,0.896,58.1,13,9,0.0,camion liviano,,79.2,2,1
ENT-00446,Catamayo,369.4,1.509,61.3,4,5,1.7,camioneta,31.0,22.3,1,0
ENT-00618,Loja,222.1,1.175,20.2,4,8,0.4,camioneta,,66.2,0,0
ENT-01287,Catamayo,366.4,1.962,2.5,8,8,0.3,camion liviano,,92.9,0,0
ENT-01660,Cariamanga,417.3,2.685,25.7,4,9,3.1,camioneta,32.0,94.2,0,1
ENT-01129,Loja,89.8,0.338,75.6,1,11,0.7,camioneta,18.0,8.6,0,0
ENT-01191,Saraguro,332.9,1.539,29.4,7,10,3.1,camioneta,27.0,39.7,0,0
ENT-01642,Zamora,252.9,1.292,134.0,19,14,0.0,camion liviano,71.0,21.5,3,1
ENT-00845,Macara,358.3,2.145,36.0,2,8,0.1,camioneta,35.0,99.4,1,1
ENT-02606,Catamayo,493.5,2.854,32.8,3,7,0.0,camion liviano,127.0,87.8,2,1
ENT-00548,loja,145.2,0.609,20.2,2,11,2.8,camioneta,29.0,75.7,0,0
ENT-01861,Macara,756.7,3.2,26.3,10,9,1.4,camioneta,,40.5,0,0
ENT-02891,MACARA,26.7,0.127,82.5,7,7,2.2,camion liviano,,54.4,0,0
ENT-02992,Cariamanga,230.6,1.4,20.0,16,9,3.8,camion liviano,,59.9,2,1
ENT-00264,Loja,176.5,0.805,9.4,5,8,6.9,camion pesado,57.0,27.5,1,1
ENT-02191,Machala,377.7,1.583,30.2,4,10,3.2,camion pesado,29.0,39.2,3,1
ENT-02401,Loja,165.2,0.678,71.1,6,8,3.3,camion pesado,,46.7,0,1
ENT-02532,Loja,230.3,1.249,23.7,2,9,7.2,camioneta,12.0,51.8,0,0
ENT-00354,Saraguro,167.3,0.701,45.1,2,9,1.4,camioneta,,30.3,4,1
ENT-00966,Machala,608.5,3.005,38.7,1,11,2.1,camion pesado,44.0,31.2,1,0
ENT-00209,LOJA,678.8,3.757,10.3,3,10,2.0,camioneta,26.0,37.1,1,1
ENT-00614,Macara,115.1,0.435,80.4,3,11,0.5,camioneta,46.0,75.8,0,0
ENT-01100,Zamora,196.7,0.678,47.9,2,9,4.9,camion liviano,75.0,80.4,2,1
ENT-02288,Cariamanga,247.8,1.337,27.0,5,11,2.9,camion liviano,138.0,69.9,0,0
ENT-01577,Machala,46.3,0.21,5.6,5,9,0.0,camioneta,,55.0,0,0
ENT-01966,Machala,405.2,1.681,45.6,3,13,4.2,camion pesado,20.0,77.6,0,0
ENT-01201,Zamora,191.5,0.651,23.0,9,7,3.4,camioneta,29.0,25.1,0,1
ENT-01838,Loja,339.7,1.964,69.6,1,7,1.2,camioneta,69.0,78.7,0,0
ENT-01581,Zamora,197.7,1.325,100.3,3,4,0.0,camioneta,48.0,56.1,0,0
ENT-00058,Machala,154.0,0.816,10.7,3,5,11.5,camioneta,23.0,20.4,3,1
ENT-01207,Macara,304.9,1.072,53.4,3,10,1.0,camion pesado,,31.0,0,0
ENT-00812,Cariamanga,203.1,1.207,8.0,18,13,1.6,camioneta,,83.3,2,1
ENT-02884,Loja,386.0,1.452,27.6,4,7,0.9,camion liviano,35.0,88.1,2,0
ENT-00562,Saraguro,188.4,1.21,59.1,6,9,4.7,camion liviano,129.0,51.7,0,0
ENT-02091,Machala,100.0,0.358,39.0,8,5,1.1,camion liviano,,48.6,0,0
ENT-00230,Loja,157.9,0.522,56.9,3,10,5.8,camioneta,45.0,40.1,1,1
ENT-02561,Machala,393.5,2.137,34.1,11,6,2.4,camioneta,24.0,67.4,1,1
ENT-02896,Cariamanga,61.8,0.333,6.7,5,15,0.9,camioneta,,34.4,0,0
ENT-02977,Zamora,145.8,0.591,12.6,5,9,5.5,camioneta,22.0,32.5,3,1
ENT-00539,Machala,129.1,0.877,18.7,4,10,8.4,camion liviano,62.0,94.5,1,1
ENT-01886,Macara,399.1,1.361,70.9,4,8,3.0,camion liviano,,32.4,1,1
ENT-01134,machala,496.4,1.738,12.9,7,7,0.0,camion liviano,,78.1,0,0
ENT-00394,Catamayo,300.4,1.535,20.1,2,8,3.3,camion liviano,72.0,83.9,1,0
ENT-01360,Catamayo,178.8,1.027,58.9,2,14,5.0,camion liviano,83.0,38.5,0,0
ENT-02650,Catamayo,245.7,0.862,30.0,8,8,0.9,camioneta,61.0,46.6,0,1
ENT-01115,Zamora,270.1,0.892,88.9,4,8,17.8,camioneta,53.0,80.0,0,0
ENT-00708,Zamora,100.5,0.406,13.1,15,14,0.0,camion pesado,29.0,55.3,1,1
ENT-00425,Saraguro,115.4,0.477,80.3,3,8,5.7,camioneta,61.0,46.6,3,1
ENT-00070,Loja,78.0,0.4,8.4,9,9,2.5,camioneta,47.0,53.6,0,1
ENT-02297,Macara,610.4,2.174,27.5,1,9,0.5,camion liviano,88.0,66.5,4,1
ENT-01217,Machala,665.7,2.911,10.0,3,16,0.4,camioneta,55.0,82.5,0,0
ENT-00648,Zamora,144.5,0.695,60.7,1,14,,camion liviano,134.0,46.2,1,0
ENT-01770,Macara,188.4,0.805,19.6,10,10,2.9,camioneta,35.0,57.5,0,0
ENT-01365,Zamora,675.0,2.243,89.7,2,9,1.4,camioneta,38.0,82.6,1,0
ENT-00999,Loja,449.0,2.503,18.7,9,12,0.3,camioneta,,22.7,3,1
ENT-02342,Macara,157.9,1.01,17.5,9,9,0.0,camioneta,46.0,59.6,0,1
ENT-02635,Loja,588.4,2.803,36.6,10,9,0.1,camion pesado,14.0,55.7,0,1
ENT-01128,Macara,319.6,2.213,57.5,9,6,0.0,camion liviano,40.0,62.7,0,0
ENT-01666,Machala,397.8,2.539,33.8,5,11,0.0,camioneta,25.0,8.5,0,1
ENT-00621,Loja,254.1,0.945,60.1,4,12,0.0,camion liviano,34.0,50.5,0,1
ENT-01643,Macara,473.2,1.664,22.3,5,5,0.0,camion liviano,,90.5,0,0
ENT-01264,Catamayo,145.4,0.473,29.8,5,13,1.3,camion liviano,63.0,54.2,1,0
ENT-02931,Loja,253.4,0.991,30.8,5,11,3.5,camioneta,58.0,30.2,0,0
ENT-01091,Macara,241.6,1.545,38.0,4,15,0.6,camion liviano,20.0,65.0,3,1
ENT-01585,Catamayo,355.0,1.762,15.9,6,9,9.7,camioneta,70.0,95.6,2,1
ENT-01118,Cariamanga,218.3,0.703,72.4,2,9,4.8,camioneta,,62.7,0,1
ENT-02414,Catamayo,682.8,4.199,25.2,3,6,3.6,camion liviano,39.0,18.0,2,1
ENT-02719,Macara,749.8,2.724,14.3,3,9,0.0,camion liviano,7.0,69.4,6,1
ENT-01469,Macara,120.0,0.548,23.4,4,12,0.3,camion liviano,96.0,85.8,4,1
ENT-00280,Machala,61.7,0.253,6.5,2,8,2.1,camion liviano,75.0,64.9,0,0
ENT-01289,Cariamanga,258.9,1.333,5.1,11,9,2.9,camioneta,26.0,34.1,1,1
ENT-01583,Saraguro,123.2,0.399,3.6,3,9,0.0,camion liviano,25.0,50.4,0,0
ENT-01584,Zamora,268.9,0.86,40.9,5,7,0.4,camioneta,,11.1,0,1
ENT-01004,Machala,526.8,2.49,58.2,7,9,0.0,camioneta,,67.0,1,1
ENT-01019,Catamayo,289.9,1.022,13.1,11,11,0.8,camioneta,20.0,33.5,0,0
ENT-01731,Machala,444.4,1.477,15.5,12,9,7.5,camion liviano,75.0,73.7,0,0
ENT-00554,Loja,266.4,0.882,16.4,5,9,,camioneta,25.0,53.8,0,0
ENT-00835,Machala,57.7,0.246,39.0,11,15,0.0,camion liviano,,76.1,2,1
ENT-00658,Catamayo,232.4,0.903,23.1,4,8,2.1,camion liviano,33.0,67.4,0,0
ENT-00597,Cariamanga,590.1,2.707,129.1,3,8,0.9,camion pesado,62.0,74.5,0,0
ENT-02801,Saraguro,100.6,0.352,14.4,12,9,0.0,camioneta,39.0,23.2,0,0
ENT-00803,Catamayo,152.3,0.902,99.1,4,4,3.6,camioneta,3.0,95.1,1,1
ENT-02182,Cariamanga,370.0,1.343,13.5,4,9,,camioneta,33.0,82.4,2,1
ENT-01548,Zamora,117.2,0.626,47.0,7,9,0.0,camioneta,86.0,65.0,1,1
ENT-02542,Cariamanga,576.8,3.454,26.3,7,12,0.3,camion pesado,80.0,38.3,1,1
ENT-02775,Zamora,223.8,0.81,17.5,3,11,5.6,camion pesado,34.0,18.2,0,0
ENT-00441,Loja,462.0,2.433,21.2,8,9,1.3,camion liviano,53.0,93.6,0,0
ENT-00509,Machala,373.7,2.494,28.1,3,12,0.7,camion pesado,,85.2,0,1
ENT-00077,Catamayo,104.7,0.532,122.6,6,6,0.5,camioneta,,37.2,1,0
ENT-01996,Loja,388.8,2.711,26.6,9,8,1.0,camion pesado,61.0,35.4,1,0
ENT-01533,Cariamanga,480.6,2.002,69.9,6,13,0.0,camioneta,,42.8,0,0
ENT-00650,Macara,494.3,1.569,11.3,9,5,1.0,camioneta,33.0,71.0,1,1
ENT-00523,Catamayo,84.3,0.424,38.1,3,10,2.2,camion liviano,47.0,64.5,2,1
ENT-01564,Saraguro,113.1,0.427,70.1,2,8,4.0,camion pesado,41.0,37.0,3,1
ENT-01941,Saraguro,167.4,0.727,52.8,7,13,0.1,camioneta,71.0,82.4,0,0
ENT-02152,Cariamanga,143.8,0.564,7.8,8,9,0.4,camioneta,100.0,16.0,0,0
ENT-00655,loja,567.1,2.138,77.7,19,10,,camion liviano,,42.1,1,1
ENT-01243,Saraguro,319.8,1.107,128.7,2,11,8.4,camion pesado,60.0,53.7,2,1
ENT-01619,Machala,241.5,0.811,29.9,5,11,3.0,camion liviano,,67.4,1,1
ENT-01261,Loja,562.3,2.297,72.6,4,10,3.4,camion liviano,49.0,81.4,2,1
ENT-00977,Cariamanga,299.9,0.995,23.5,2,11,14.1,camion pesado,19.0,59.2,1,1
ENT-02568,Zamora,481.3,1.546,72.3,6,7,2.9,camion liviano,,46.9,3,1
ENT-00631,Catamayo,324.0,1.131,83.1,2,7,5.0,camion pesado,15.0,75.5,0,1
ENT-01324,Machala,144.3,0.856,71.3,1,12,2.6,camion liviano,31.0,94.9,3,1
ENT-01587,Zamora,268.4,1.244,82.6,1,7,1.2,camion liviano,28.0,47.8,0,0
ENT-01755,Cariamanga,564.1,2.184,14.5,3,8,0.0,camioneta,,40.2,0,0
ENT-00483,Macara,103.1,0.51,54.2,3,6,0.5,camion pesado,46.0,32.0,1,1
ENT-02020,MACARA,123.5,0.426,23.1,2,14,0.1,camioneta,88.0,59.3,1,1
ENT-02426,Machala,149.6,0.499,38.4,4,11,2.7,camioneta,5.0,81.0,0,0
ENT-02617,Machala,350.4,2.014,98.7,1,8,0.3,camioneta,,36.8,0,0
ENT-02487,Zamora,109.9,0.446,24.8,2,8,3.5,camioneta,73.0,47.3,0,0
ENT-00439,Catamayo,77.6,0.282,46.5,12,10,0.2,camion pesado,17.0,43.0,3,1
ENT-02130,Cariamanga,376.1,1.199,6.7,8,9,0.0,camioneta,4.0,69.2,1,1
ENT-00970,Catamayo,217.5,0.957,36.7,3,9,0.0,camioneta,83.0,67.7,0,1
ENT-01802,Machala,182.8,1.0,63.6,4,10,0.1,camioneta,,83.5,1,1
ENT-01917,Cariamanga,167.0,0.9,51.9,9,7,,camioneta,23.0,40.1,0,1
ENT-01621,Zamora,622.3,2.463,6.1,2,9,3.4,camioneta,,36.9,0,1
ENT-00857,Zamora,107.8,0.505,33.4,12,9,0.0,camioneta,,78.7,2,1
ENT-02065,Cariamanga,501.8,3.02,36.5,5,12,,camioneta,51.0,45.4,1,0
ENT-00167,Zamora,120.7,0.723,23.0,5,8,1.7,camioneta,25.0,82.8,0,0
ENT-00060,Cariamanga,252.6,0.843,59.9,3,5,5.0,camion liviano,59.0,52.3,2,1
ENT-00612,Loja,142.4,0.466,73.4,9,9,2.3,camion pesado,112.0,87.0,2,1
ENT-00531,Cariamanga,315.0,1.332,41.9,3,11,0.0,camion liviano,,42.7,1,1
ENT-01792,Saraguro,657.4,3.775,75.6,2,7,4.8,camion liviano,,44.0,1,1
ENT-00050,Loja,88.1,0.377,179.1,3,6,0.5,camion pesado,28.0,17.8,1,1
ENT-01558,Saraguro,158.5,0.65,21.5,6,7,0.0,camion liviano,58.0,32.0,1,0
ENT-01212,Machala,342.4,1.195,24.2,5,9,0.6,camion liviano,83.0,27.2,0,0
ENT-00859,Machala,642.3,2.554,11.9,8,10,7.6,camion liviano,127.0,71.5,2,1
ENT-01830,Loja,588.2,3.094,35.5,1,10,0.0,camioneta,92.0,56.1,1,0
ENT-00049,Cariamanga,341.5,1.43,166.9,3,9,3.3,camion liviano,51.0,80.0,1,1
ENT-00720,Loja,383.6,1.407,21.7,3,10,3.1,camioneta,147.0,57.8,0,0
ENT-01238,Catamayo,342.8,2.142,9.8,3,7,3.0,camioneta,27.0,56.2,1,1
ENT-01445,Saraguro,239.6,0.867,12.2,7,6,0.4,camion liviano,,31.2,0,0
ENT-02294,loja,242.1,0.785,36.7,6,9,6.0,camion pesado,50.0,38.1,2,1
ENT-01226,Zamora,303.8,1.248,123.8,5,7,2.0,camioneta,44.0,65.5,0,1
ENT-00633,machala,113.5,0.504,40.3,5,9,0.0,camioneta,,4.4,1,0
ENT-02485,Catamayo,672.4,2.239,61.5,2,11,0.0,camion liviano,71.0,34.3,0,0
ENT-01539,Loja,225.9,1.035,60.2,7,9,2.3,camioneta,,85.1,0,0
ENT-02173,Loja,272.6,1.627,53.4,4,10,6.9,camioneta,,81.5,0,0
ENT-01074,Loja,309.8,1.74,17.7,10,10,0.0,camion liviano,12.0,65.6,2,1
ENT-01548,Zamora,117.2,0.626,47.0,7,9,0.0,camioneta,86.0,65.0,1,1
ENT-01353,Loja ,320.3,1.397,40.1,2,13,4.6,camioneta,8.0,35.0,0,0
ENT-01870,Saraguro,417.1,2.694,15.6,9,12,0.3,camion liviano,68.0,51.2,2,1
ENT-01054,Macara,359.9,1.394,21.4,7,5,0.0,camioneta,17.0,82.0,0,1
ENT-01746,Loja,247.1,1.331,29.8,6,5,3.4,camioneta,27.0,36.6,2,1
ENT-02186,Catamayo,53.2,0.205,48.4,5,6,3.1,camion pesado,58.0,52.3,0,0
ENT-02684,Saraguro,298.4,1.128,33.2,3,9,0.0,camioneta,,57.0,0,0
ENT-01555,Machala,231.6,0.882,68.9,7,8,5.5,camion liviano,15.0,31.7,1,1
ENT-00298,Catamayo,332.5,1.622,19.7,3,8,0.4,camion liviano,17.0,78.3,0,0
ENT-02581,Catamayo,209.6,0.824,59.0,3,10,,camioneta,65.0,58.6,0,1
ENT-01865,Cariamanga,391.7,1.827,30.7,12,10,0.3,camion liviano,31.0,77.8,3,1
ENT-00959,Cariamanga,207.9,0.754,32.3,3,7,,camion liviano,67.0,50.2,0,0
ENT-02664,Macara,219.9,1.256,72.0,4,99,0.0,camion liviano,89.0,86.3,1,1
ENT-01272,Machala,273.2,1.379,10.3,1,10,0.0,camioneta,40.0,31.5,3,1
ENT-00350,Saraguro,468.5,1.593,21.6,5,10,0.7,camioneta,,74.9,1,1
ENT-01310,Macara,568.5,1.844,91.5,9,9,,camion pesado,49.0,31.2,2,1
ENT-00644,Zamora,383.6,1.64,26.8,3,10,0.7,camion liviano,,9.1,4,1
ENT-01111,Machala,97.9,0.455,34.0,3,8,2.8,camion liviano,72.0,66.3,0,0
ENT-01214,Saraguro,218.0,1.164,34.4,4,11,2.3,camioneta,,77.0,0,0
ENT-02710,Cariamanga,310.7,1.083,42.7,16,7,1.4,camioneta,80.0,65.2,0,0
ENT-02228,Saraguro,160.3,0.667,38.3,1,7,0.8,camion pesado,56.0,69.4,0,0
ENT-01092,Cariamanga,174.9,0.824,36.9,12,8,0.7,camion liviano,87.0,52.8,0,0
ENT-01784,LOJA,298.2,1.475,25.2,6,7,2.1,camion pesado,,11.1,0,0
ENT-02052,Zamora,81.0,0.351,80.0,4,7,2.9,camion liviano,74.0,49.8,3,1
ENT-02423,Macara,954.1,3.4,16.1,9,11,5.1,camioneta,25.0,52.4,0,0
ENT-02239,Machala,169.5,0.859,99.3,12,7,1.6,camion liviano,,69.8,2,1
ENT-01612,Zamora,469.3,3.059,91.9,1,7,6.3,camioneta,,40.3,0,0
ENT-00787,Saraguro,144.2,0.744,1.9,12,5,2.1,camion liviano,,55.6,0,0
ENT-02749,Zamora,215.7,1.049,121.8,3,10,0.0,camion liviano,8.0,58.6,1,1
ENT-00141,Loja,259.4,1.145,56.2,9,14,0.0,camion liviano,4.0,59.2,2,1
ENT-00789,Saraguro,128.9,0.889,49.7,6,6,0.3,camioneta,27.0,77.6,0,0
ENT-01622,Catamayo,312.2,1.145,35.5,11,11,0.5,camion liviano,87.0,92.4,1,1
ENT-02250,Cariamanga,56.1,0.31,104.1,3,4,0.0,camion liviano,65.0,66.0,2,1
ENT-00715,Machala,400.4,1.862,58.4,13,11,1.8,camion liviano,30.0,45.2,3,1
ENT-02358,Loja,290.7,1.377,73.5,4,5,0.1,camioneta,,2.0,0,0
ENT-01615,Loja,226.5,1.057,4.3,2,7,2.3,camioneta,12.0,78.4,1,1
ENT-01732,Catamayo,202.3,0.756,37.9,7,5,0.0,camion liviano,62.0,66.5,3,1
ENT-01136,MACARA,174.4,0.633,52.4,3,4,8.8,camion pesado,,32.3,1,0
ENT-00619,Machala,322.8,1.351,38.0,10,8,0.0,camion liviano,,37.1,1,1
ENT-00407,Saraguro,152.4,0.766,49.5,1,7,0.0,camioneta,163.0,28.9,0,0
ENT-01728,MACARA,347.2,2.345,62.0,6,10,0.0,camion liviano,9.0,41.0,3,1
ENT-02508,MACARA,258.9,1.331,58.2,5,9,,camioneta,,57.4,0,0
ENT-01362,loja,90.0,0.392,41.6,4,13,1.0,camion liviano,13.0,43.2,0,1
ENT-01994,Catamayo,340.4,1.129,40.2,2,11,0.0,camioneta,,70.0,1,0
ENT-00153,Macara,478.7,2.607,14.5,7,9,0.4,camion pesado,,24.3,0,0
ENT-00498,Zamora,92.9,0.317,34.1,8,8,3.0,camioneta,115.0,71.0,0,0
ENT-00343,Machala,724.1,2.297,9999.0,11,10,0.0,camion liviano,224.0,64.4,2,1
ENT-01927,Cariamanga,206.2,0.896,29.9,5,6,3.1,camioneta,10.0,78.0,0,1
ENT-02314,Macara,86.3,0.364,18.3,4,7,0.9,camion liviano,200.0,33.0,3,1
ENT-00783,Saraguro,329.5,1.133,16.1,10,8,0.2,camion liviano,,58.3,0,0
ENT-01537,Loja,1038.0,3.352,43.9,5,12,1.2,camion pesado,6.0,90.7,3,1
ENT-00304,Catamayo,106.9,0.562,145.8,14,5,0.0,camion pesado,,43.2,1,1
ENT-01739,Cariamanga,630.5,2.254,64.4,3,10,1.6,camioneta,,60.6,2,1
ENT-00665,Saraguro,199.2,1.163,84.9,8,9,1.0,camion liviano,,74.4,2,1
ENT-02845,Cariamanga,234.4,1.541,21.5,4,10,0.8,camioneta,7.0,72.4,1,0
ENT-01777,Saraguro,446.5,2.357,17.8,4,10,0.0,camion liviano,,32.3,1,1
ENT-01504,Zamora,287.1,1.074,44.8,7,7,0.0,camioneta,7.0,58.7,1,1
ENT-02817,Zamora,376.9,1.585,50.7,9,10,10.3,camioneta,,46.7,1,1
ENT-00085,Saraguro,320.7,1.066,31.3,1,9,2.8,camioneta,58.0,65.7,0,1
ENT-02259,Lója,61.0,0.291,7.8,2,11,0.0,camion liviano,3.0,53.7,0,0
ENT-00942,Machala,210.5,0.847,5.4,5,10,0.7,camioneta,,77.5,0,0
ENT-00962,Catamayo,220.4,0.862,27.7,1,7,4.0,camioneta,120.0,26.2,0,0
ENT-00842,Saraguro,366.3,2.308,4.8,6,11,0.6,camion liviano,38.0,64.5,0,0
ENT-01399,machala,128.1,0.468,31.1,3,13,3.6,camioneta,,23.0,0,0
ENT-02426,Machala,149.6,0.499,38.4,4,11,2.7,camioneta,5.0,81.0,0,0
ENT-01222,Loja,764.7,3.287,131.3,2,12,0.0,camioneta,,20.1,3,1
ENT-01335,Catamayo,499.8,2.727,20.0,5,7,1.5,camion liviano,,83.3,0,0
ENT-00291,Machala,87.8,0.304,78.8,10,11,1.3,camion liviano,25.0,17.4,0,1
ENT-01878,Machala,599.7,2.273,28.1,5,9,1.0,camioneta,21.0,64.2,2,1
ENT-01174,Loja,227.2,1.463,20.6,3,12,2.2,camioneta,41.0,22.7,0,0
ENT-00605,Machala,234.8,1.587,16.8,3,7,4.0,camion pesado,90.0,58.1,2,1
ENT-02084,Catamayo,775.8,3.086,2.1,2,7,1.1,camion pesado,48.0,83.4,0,0
ENT-00917,Machala,312.4,1.08,126.2,5,12,2.0,camion pesado,55.0,57.6,3,1
ENT-01308,Loja,112.4,0.355,33.8,4,16,0.7,camioneta,63.0,22.4,1,1
ENT-01715,Macara,247.8,0.937,12.1,3,14,0.5,camion liviano,73.0,43.7,1,1
ENT-01089,Loja ,89.4,0.31,75.8,4,8,,camion liviano,32.0,45.5,0,0
ENT-02543,Zamora,89.7,0.333,50.5,3,7,0.5,camioneta,,20.3,0,0
ENT-02330,Saraguro,149.3,0.469,13.0,16,7,4.6,camion pesado,,40.0,0,0
ENT-00822,Macara,95.4,0.395,93.1,7,8,1.2,camioneta,6.0,51.3,4,1
ENT-02518,Macara,281.3,0.906,34.1,2,10,1.0,camion liviano,47.0,68.4,0,0
ENT-01001,Saraguro,589.7,2.206,54.4,2,4,3.9,camioneta,5.0,60.2,1,1
ENT-01408,Saraguro,224.5,0.957,38.4,5,11,0.9,camioneta,51.0,48.2,0,0
ENT-00019,LOJA,55.0,0.287,8.1,5,8,6.6,camion liviano,,55.9,1,1
ENT-02081,Cariamanga,417.6,1.958,92.7,3,8,1.5,camioneta,52.0,60.6,0,0
ENT-02274,Loja,93.3,0.303,89.6,12,9,1.9,camion liviano,42.0,22.3,1,1
ENT-01721,Cariamanga,122.7,0.414,77.2,1,7,0.3,camion liviano,13.0,59.2,1,1
ENT-01317,Loja,304.0,0.971,51.6,4,12,,camion liviano,18.0,58.8,1,0
ENT-01737,Loja,425.1,1.471,93.5,11,8,,camion liviano,68.0,19.5,1,1
ENT-01503,Machala,108.6,0.494,32.2,9,12,8.7,camioneta,21.0,98.3,0,1
ENT-01704,Zamora,171.1,0.806,25.0,2,8,1.5,camioneta,,45.9,1,0
ENT-01560,Cariamanga,211.1,1.311,38.0,1,8,0.0,camion pesado,,21.1,0,0
ENT-02114,Zamora,115.7,0.407,83.1,6,8,1.7,camion liviano,49.0,25.4,0,0
ENT-01430,Catamayo,286.1,1.293,22.0,11,8,1.6,camion liviano,72.0,68.6,2,1
ENT-01993,Catamayo,192.7,0.725,60.6,3,13,0.0,camioneta,,46.0,1,1
ENT-00361,Saraguro,385.4,2.105,42.2,12,11,2.4,camion liviano,62.0,60.0,0,0
ENT-02611,machala,361.0,1.226,7.3,9,13,0.6,camion liviano,33.0,57.1,1,1
ENT-02550,Macara,396.5,1.393,80.5,2,7,2.7,camioneta,92.0,80.1,5,1
ENT-01611,Catamayo,235.1,1.527,20.7,5,5,2.0,camion liviano,,44.0,0,1
ENT-01318,Loja,648.4,3.802,51.1,7,6,1.6,camion liviano,,17.6,1,1
ENT-01645,Catamayo,400.3,1.298,94.6,2,6,2.1,camion liviano,30.0,75.3,1,1
ENT-00345,Saraguro,240.8,0.833,68.7,4,8,0.4,camion liviano,60.0,51.5,2,1
ENT-00987,Zamora,384.5,1.324,31.4,4,9,0.9,camion liviano,12.0,61.1,2,1
ENT-02338,Loja,378.5,2.152,18.4,8,8,0.0,camioneta,,83.9,2,1
ENT-01798,Lója,260.2,1.05,9.5,4,6,1.5,camioneta,11.0,31.8,0,1
ENT-01392,Loja ,253.2,0.996,45.7,5,11,,camioneta,39.0,84.5,3,1
ENT-01988,Zamora,204.9,1.265,53.6,7,5,1.9,camion liviano,36.0,74.4,2,1
ENT-02421,Cariamanga,76.8,0.254,80.9,11,6,0.9,camion liviano,7.0,50.3,1,1
ENT-01657,Saraguro,346.9,1.243,17.9,5,9,0.7,camion pesado,57.0,78.7,0,0
ENT-00086,loja,364.2,1.495,23.0,2,11,2.0,camioneta,,66.6,1,0
ENT-02108,Zamora,152.8,0.717,159.5,1,5,,camioneta,30.0,66.9,1,1
ENT-00669,Saraguro,72.3,0.342,34.3,2,13,0.0,camion liviano,21.0,76.9,0,0
ENT-01015,Loja,164.3,0.678,46.0,3,12,0.0,camion liviano,102.0,85.9,2,1
ENT-00129,Saraguro,590.6,4.146,28.8,2,11,7.7,camion pesado,,65.7,0,0
ENT-01963,Loja,275.0,1.635,50.8,4,8,0.9,camioneta,19.0,68.8,2,1
ENT-02620,Machala,64.8,0.42,26.8,4,7,,camioneta,55.0,57.8,1,0
ENT-00892,Saraguro,352.8,1.123,73.9,11,10,3.1,camioneta,37.0,20.8,0,1
ENT-01908,Loja,585.4,3.658,62.3,7,6,2.5,camioneta,71.0,14.4,0,0
ENT-00308,Saraguro,186.8,1.265,81.0,8,10,2.2,camion pesado,,70.6,2,1
ENT-00384,Macara,108.8,0.414,40.2,4,10,9.0,camion liviano,,81.7,0,1
ENT-01922,Macara,56.5,0.341,52.3,2,12,1.0,camion liviano,,57.2,1,1
ENT-01508,Macara,529.9,3.299,14.8,4,9,0.0,camioneta,143.0,73.1,0,0
ENT-00427,Machala,193.5,0.818,34.5,6,8,,camioneta,,57.4,2,1
ENT-00495,Catamayo,273.2,1.499,70.6,5,5,1.4,camioneta,125.0,70.3,1,0
ENT-02072,Catamayo,187.5,0.814,15.8,3,5,4.8,camion liviano,,78.7,0,0
ENT-02481,Loja,358.7,1.466,41.9,13,9,0.0,camion liviano,,59.6,0,0
ENT-02243,Macara,144.9,0.571,64.3,7,7,6.5,camion liviano,21.0,62.6,1,1
ENT-01321,LOJA,91.6,0.381,12.7,9,14,2.0,camioneta,82.0,61.4,0,0
ENT-01367,Macara,93.9,0.538,52.0,8,7,0.0,camioneta,54.0,6.2,0,0
ENT-00276,machala,138.1,0.97,21.0,1,9,0.0,camion pesado,7.0,56.0,0,0
ENT-00490,Cariamanga,146.3,0.616,6.4,3,6,8.6,camion liviano,,62.8,0,1
ENT-01274,Catamayo,107.4,0.463,100.8,5,10,0.0,camioneta,,35.6,1,1
ENT-00691,Cariamanga,251.7,0.789,53.0,2,4,3.2,camioneta,,59.5,0,0
ENT-02021,Zamora,80.5,0.425,25.3,1,8,,camion liviano,60.0,43.7,0,0
ENT-01211,Macara,173.7,0.564,54.3,2,9,0.9,camioneta,56.0,70.4,3,1
ENT-01753,Catamayo,332.7,1.325,23.5,6,4,2.8,camion liviano,53.0,60.1,2,1
ENT-02251,Saraguro,136.8,0.566,60.8,3,7,0.4,camion pesado,26.0,30.8,0,0
ENT-02124,Catamayo,293.9,1.03,13.1,1,8,4.1,camioneta,24.0,56.9,0,0
ENT-01059,Loja,176.6,0.589,38.5,7,9,0.4,camioneta,99.0,86.9,0,0
ENT-00119,Machala,339.8,2.129,11.3,6,9,11.3,camioneta,,42.7,0,0
ENT-01025,Zamora,160.5,0.566,55.1,3,13,3.0,camioneta,,66.2,1,1
ENT-01607,Loja,355.2,1.572,49.8,2,5,1.0,camion liviano,43.0,17.5,2,1
ENT-00282,Zamora,200.3,1.302,40.1,9,8,1.8,camion liviano,,60.3,0,1
ENT-01573,Machala,576.4,2.685,75.1,4,6,0.2,camioneta,15.0,74.8,0,1
ENT-02383,Catamayo,421.1,2.085,21.0,4,10,4.1,camion pesado,26.0,20.6,0,0
ENT-00969,Macara,279.5,1.105,57.5,7,7,1.0,camion liviano,,75.5,0,0
ENT-02454,Saraguro,429.6,1.675,25.6,15,8,0.0,camion liviano,,54.2,0,0
ENT-01625,Loja,431.9,1.381,64.3,1,8,,camioneta,25.0,43.6,2,0
ENT-02094,Machala,210.7,1.458,5.3,3,7,2.8,camion pesado,,89.0,1,0
ENT-02117,Cariamanga,260.9,1.151,49.8,3,13,0.6,camion liviano,,23.8,2,1
ENT-00305,Zamora,101.6,0.337,39.8,3,10,0.0,camioneta,,42.9,3,1
ENT-02104,Saraguro,502.7,3.077,50.8,10,7,0.0,camioneta,,84.2,3,1
ENT-02293,Macara,347.0,1.485,48.6,13,14,1.3,camion liviano,11.0,71.3,2,1
ENT-01588,Zamora,220.6,1.118,10.5,3,13,9.1,camion liviano,78.0,37.1,0,0
ENT-02285,Zamora,619.8,2.488,48.2,5,12,8.5,camion liviano,48.0,39.2,0,0
ENT-01438,Catamayo,116.2,0.452,26.4,11,8,0.2,camioneta,19.0,46.6,1,1
ENT-00576,Loja,435.3,2.702,25.9,2,7,3.0,camioneta,7.0,13.2,2,1
ENT-01961,Cariamanga,182.9,0.609,30.0,5,13,2.8,camion liviano,122.0,77.1,0,0
ENT-02899,Cariamanga,141.6,0.524,41.0,15,9,0.0,camioneta,13.0,91.0,1,1
ENT-02678,Loja,112.3,0.463,15.7,4,8,1.2,camion liviano,,41.7,6,1
ENT-02034,Zamora,224.5,0.972,85.2,3,9,0.0,camioneta,26.0,79.4,3,1
ENT-01458,Macara,353.6,1.69,73.0,13,7,3.0,camioneta,15.0,53.7,0,1
ENT-00844,Saraguro,231.3,0.79,48.4,9,11,0.8,camion liviano,45.0,19.4,0,1
ENT-01327,Catamayo,241.5,1.153,78.3,6,10,0.1,camion pesado,44.0,88.8,3,1
ENT-00270,Zamora,135.1,0.477,27.1,7,9,0.0,camion pesado,16.0,41.4,0,0
ENT-00630,loja,290.7,1.316,54.7,2,6,2.3,camion liviano,,38.8,0,1
ENT-01034,Loja,584.2,1.869,23.9,1,9,4.6,camioneta,,54.6,0,1
ENT-00287,Zamora,283.4,1.851,71.4,6,8,0.0,camion liviano,26.0,29.3,1,0
ENT-02257,machala,33.9,0.106,61.8,3,9,0.0,camion pesado,,29.6,3,1
ENT-00301,Macara,156.1,0.497,21.5,1,9,1.6,camion liviano,91.0,68.9,3,1
ENT-01422,Lója,142.3,1.011,67.2,2,11,12.0,camion pesado,21.0,38.7,2,1
ENT-02547,Saraguro,189.7,0.75,29.3,1,8,0.0,camion liviano,153.0,18.9,0,0
ENT-02029,Loja,360.1,2.564,40.8,2,10,0.6,camion pesado,33.0,71.6,0,0
ENT-00066,Machala,377.0,1.95,26.4,2,13,0.4,camion liviano,27.0,92.0,1,1
ENT-02604,Catamayo,52.5,0.215,94.3,11,11,7.9,camion liviano,24.0,69.3,4,1
ENT-00891,Macara,158.6,1.064,12.9,7,12,0.0,camioneta,109.0,38.3,0,0
ENT-01567,Loja,192.4,0.693,134.0,4,5,8.3,camioneta,31.0,30.0,0,1
ENT-02633,Zamora,541.8,2.738,53.9,3,11,4.6,camion liviano,51.0,57.7,3,1
ENT-02706,Macara,98.4,0.397,42.8,8,12,0.5,camion pesado,52.0,97.4,0,0
ENT-01557,Macara,209.1,1.297,30.8,5,7,3.1,camion liviano,61.0,36.5,2,1
ENT-00231,Catamayo,127.8,0.644,6.2,3,7,0.0,camion liviano,34.0,65.7,2,0
ENT-00504,Saraguro,127.7,0.576,19.1,4,12,0.0,camioneta,72.0,77.1,1,0
ENT-02534,MACARA,71.3,0.227,57.8,3,6,0.0,camioneta,,10.1,0,1
ENT-01423,Zamora,146.8,0.603,33.5,3,11,5.5,camion liviano,81.0,65.5,0,1
ENT-02488,Loja,455.3,1.51,108.2,10,6,4.7,camion liviano,29.0,70.6,0,1
ENT-01358,Cariamanga,283.2,1.589,15.6,4,7,0.4,camioneta,41.0,92.4,0,0
ENT-01005,MACARA,189.6,0.632,12.4,3,9,0.9,camion liviano,10.0,89.4,0,0
ENT-00837,Saraguro,93.7,0.332,26.4,11,6,3.8,camioneta,48.0,37.5,1,1
ENT-02167,Saraguro,142.7,0.562,70.9,2,6,3.4,camion liviano,8.0,26.5,1,1
ENT-00375,Saraguro,390.3,1.251,11.1,8,8,3.2,camioneta,17.0,33.0,2,1
ENT-01805,Catamayo,256.2,0.896,76.1,5,7,3.7,camion liviano,58.0,94.6,0,0
ENT-02156,Loja ,642.7,4.484,21.3,9,12,1.2,camioneta,61.0,27.4,3,1
ENT-01874,Machala,411.3,1.788,25.6,5,11,2.5,camion liviano,85.0,53.6,1,1
ENT-01892,Cariamanga,402.8,1.508,43.2,6,11,0.0,camion liviano,,73.7,2,1
ENT-02116,Macara,130.0,0.471,16.2,5,9,,camioneta,,19.5,5,1
ENT-00752,Macara,43.9,0.242,37.3,2,12,3.6,camion liviano,,52.4,3,1
ENT-00100,Zamora,232.4,0.9,83.1,9,7,2.8,camioneta,26.0,22.8,2,1
ENT-01809,Cariamanga,103.4,0.354,67.3,2,12,0.0,camion liviano,14.0,36.1,0,1
ENT-00867,Cariamanga,247.2,0.964,30.1,5,10,5.3,camioneta,61.0,23.6,0,1
ENT-00911,MACARA,716.6,2.69,38.5,9,9,1.3,camion liviano,44.0,82.5,3,1
ENT-01393,Machala,869.7,2.874,56.7,8,7,3.9,camion pesado,136.0,39.0,2,1
ENT-00530,Loja,553.5,3.603,23.8,4,7,1.8,camion pesado,21.0,65.8,1,1
ENT-00637,Catamayo,259.2,0.87,6.5,7,7,0.0,camion liviano,60.0,42.3,2,1
ENT-00186,Saraguro,107.5,0.715,100.9,6,12,4.3,camion liviano,,61.5,0,0
ENT-02115,Machala,492.5,2.459,85.7,4,10,,camioneta,70.0,75.7,0,0
ENT-01478,Cariamanga,107.2,0.346,82.2,6,9,0.0,camioneta,22.0,23.4,2,1
ENT-00932,Cariamanga,498.1,1.948,56.6,4,8,1.4,camion pesado,,40.9,2,1
ENT-01454,Zamora,354.4,2.03,27.5,16,9,1.2,camion liviano,,22.3,0,0
ENT-02343,Saraguro,1309.9,4.78,40.8,12,6,0.0,camion liviano,20.0,83.3,1,1
ENT-02366,Cariamanga,292.9,1.296,29.7,10,9,2.1,camioneta,,89.7,1,1
ENT-02449,Zamora,350.2,1.769,95.9,2,10,0.9,camioneta,37.0,34.0,1,1
ENT-02113,Zamora,188.9,1.092,27.2,4,7,0.0,camioneta,31.0,37.0,1,0
ENT-00608,Loja ,382.8,2.251,18.1,7,11,0.0,camioneta,99.0,51.8,0,0
ENT-01965,Catamayo,159.2,0.722,17.7,8,6,1.2,camion liviano,,60.4,0,1
ENT-00152,Zamora,234.1,1.093,164.9,1,9,1.6,camioneta,145.0,35.1,1,1
ENT-01589,Catamayo,127.0,0.56,75.7,7,8,0.4,camioneta,20.0,58.3,2,1
ENT-02188,Catamayo,423.2,2.585,36.4,6,7,4.3,camion liviano,143.0,32.5,0,0
ENT-00732,Saraguro,214.3,1.131,52.2,2,6,7.5,camion liviano,,49.6,1,1
ENT-02035,Catamayo,141.6,0.751,39.0,5,7,0.0,camion pesado,27.0,61.0,2,1
ENT-02704,Machala,192.6,0.656,3.6,8,9,6.9,camioneta,65.0,24.2,1,0
ENT-02785,Catamayo,150.2,0.681,13.3,7,11,1.6,camioneta,22.0,62.4,0,0
ENT-00024,Cariamanga,170.4,0.555,39.8,2,9,4.1,camion liviano,,61.6,0,0
ENT-01744,Zamora,505.6,1.854,61.4,2,10,1.1,camioneta,,75.3,3,1
ENT-00159,Zamora,409.6,1.962,30.2,2,5,2.4,camion pesado,,31.9,0,1
ENT-00862,Cariamanga,323.8,2.235,32.2,2,16,5.1,camion pesado,139.0,38.0,0,0
ENT-00903,Macara,444.8,1.805,44.9,2,12,0.0,camioneta,66.0,64.8,0,1
ENT-01506,Saraguro,119.4,0.539,31.4,5,11,0.1,camion liviano,47.0,45.0,0,0
ENT-01231,Catamayo,603.4,2.538,57.3,4,11,0.0,camion liviano,7.0,74.2,1,1
ENT-02712,Saraguro,170.8,0.556,19.0,4,9,,camion liviano,17.0,88.9,0,0
ENT-00445,Catamayo,901.0,3.088,11.6,7,6,,camioneta,18.0,70.7,1,0
ENT-02996,Machala,436.3,1.626,33.9,11,8,0.7,camioneta,60.0,29.1,0,0
ENT-00755,Loja,145.3,0.574,28.8,7,11,1.2,camion liviano,,45.5,1,1
ENT-00924,Lója,369.8,2.446,32.7,8,9,0.7,camioneta,,68.6,0,0
ENT-01006,Cariamanga,87.8,0.313,40.2,3,9,0.0,camion pesado,,71.4,4,1
ENT-02148,Catamayo,349.0,1.243,43.9,2,13,0.3,camioneta,,49.5,2,1
ENT-00312,Machala,104.4,0.651,21.4,7,11,0.0,camion liviano,,90.5,0,0
ENT-00549,Zamora,276.8,0.889,23.2,4,11,4.9,camioneta,36.0,75.9,0,1
ENT-02038,Zamora,70.9,0.28,75.2,1,7,0.8,camioneta,68.0,72.9,1,0
ENT-02255,Loja,321.2,1.087,18.7,1,11,0.1,camioneta,,57.5,1,1
ENT-00307,Macara,604.3,2.0,31.3,11,10,3.4,camioneta,4.0,46.7,1,1
ENT-00288,Zamora,179.6,0.685,64.1,3,6,10.8,camion liviano,,78.5,1,1
ENT-00695,Macara,171.3,1.046,14.5,12,9,0.3,camioneta,62.0,58.2,0,1
ENT-00309,Saraguro,857.9,5.757,3.1,1,8,0.8,camioneta,15.0,46.1,0,0
ENT-02368,Catamayo,276.8,1.635,5.0,1,12,1.7,camion liviano,45.0,93.0,2,1
ENT-00750,Machala,1025.7,3.515,42.4,8,7,3.4,camion liviano,64.0,60.4,0,0
ENT-01510,MACARA,509.9,1.773,19.4,6,11,2.0,camion pesado,73.0,41.0,0,0
ENT-01411,Catamayo,216.2,0.698,86.9,11,8,3.4,camioneta,8.0,80.5,0,0
ENT-01592,loja,717.4,2.823,87.1,2,9,4.4,camion liviano,14.0,44.1,2,1
ENT-00909,Loja,191.8,0.72,33.3,8,8,2.9,camioneta,,53.8,0,0
ENT-02967,Loja,622.7,2.144,52.4,2,9,0.7,camion liviano,,74.1,3,1
ENT-02577,Macara,488.9,1.943,6.0,7,6,0.0,camion liviano,36.0,89.2,4,1
ENT-01352,Catamayo,241.6,1.642,10.7,5,7,0.5,camion liviano,,88.3,0,0
ENT-02720,Loja,306.2,1.505,80.3,5,12,0.0,camion liviano,49.0,72.0,0,0
ENT-00971,Loja,250.7,1.293,65.8,3,6,0.4,camioneta,29.0,31.6,0,0
ENT-00014,Saraguro,248.1,0.986,50.7,3,7,0.0,camion liviano,,35.7,1,0
ENT-00874,Cariamanga,217.6,1.493,73.4,9,13,1.1,camioneta,72.0,49.3,0,0
ENT-00809,Machala,820.9,5.391,35.4,10,11,2.9,camion pesado,55.0,27.3,0,1
ENT-02632,Catamayo,233.4,1.512,43.5,5,8,0.0,camioneta,,4.4,0,0
ENT-00515,Zamora,269.7,0.86,40.2,6,11,2.3,camion pesado,90.0,50.5,2,1
ENT-02462,Saraguro,131.2,0.432,50.7,4,13,0.4,camion liviano,26.0,82.6,3,1
ENT-00410,Zamora,72.1,0.277,36.6,11,4,0.0,camion liviano,23.0,83.5,5,1
ENT-01456,Machala,237.6,1.481,13.4,4,9,0.0,camioneta,35.0,70.4,0,0
ENT-02307,Cariamanga,366.6,1.702,8.8,11,7,1.7,camion liviano,,43.8,1,1
ENT-01379,Zamora,257.6,0.827,21.9,2,8,1.9,camion liviano,80.0,57.8,1,0
ENT-02741,Saraguro,176.4,1.254,106.5,2,10,1.4,camioneta,51.0,78.4,3,1
ENT-01414,Macara,426.1,2.64,14.4,4,8,0.0,camion pesado,,49.4,0,0
ENT-02322,Cariamanga,99.5,0.439,11.5,16,9,0.9,camion pesado,34.0,20.3,5,1
ENT-00383,Macara,259.1,0.929,84.7,5,7,0.0,camioneta,19.0,31.4,0,0
ENT-01652,Machala,240.2,0.908,27.5,4,9,1.7,camion liviano,17.0,69.3,0,0
ENT-02233,Catamayo,98.0,0.581,18.2,2,6,2.8,camion liviano,32.0,68.5,3,1
ENT-01398,Zamora,107.9,0.473,62.3,9,4,0.0,camion liviano,77.0,21.8,0,0
ENT-01946,Catamayo,402.7,1.749,20.1,7,10,1.3,camioneta,28.0,74.9,2,1
ENT-01427,Loja,205.5,0.66,56.3,2,9,0.7,camion liviano,35.0,76.9,1,1
ENT-00553,Machala,356.9,1.219,26.7,8,9,2.0,camioneta,40.0,61.7,1,1
ENT-00223,Saraguro,481.0,2.02,33.1,9,9,0.0,camion pesado,14.0,58.1,2,1
ENT-01097,Saraguro,390.3,2.108,18.6,9,12,2.6,camion liviano,,68.7,1,1
ENT-02652,Zamora,282.6,1.238,20.4,6,6,12.0,camion liviano,,65.9,2,1
ENT-00009,Cariamanga,289.6,1.047,65.1,3,12,4.2,camioneta,30.0,10.6,0,0
ENT-01553,Cariamanga,224.9,0.983,56.7,3,10,4.1,camion liviano,28.0,24.1,1,0
ENT-00317,Macara,421.0,2.783,35.7,9,12,3.3,camion liviano,7.0,64.6,3,1
ENT-00428,Machala,211.7,0.722,23.5,15,9,1.4,camioneta,45.0,32.4,3,1
ENT-02179,Cariamanga,53.8,0.366,78.8,1,9,1.1,camion liviano,50.0,81.2,0,0
ENT-00106,Saraguro,209.6,0.938,103.7,1,8,1.1,camion liviano,17.0,57.1,5,1
ENT-01457,Cariamanga,108.2,0.36,32.6,13,12,10.6,camioneta,89.0,18.6,1,1
ENT-00143,Cariamanga,344.4,1.166,80.4,7,8,,camion pesado,,4.4,1,1
ENT-00122,Macara,319.4,1.569,66.4,8,4,1.7,camion liviano,,67.6,0,0
ENT-02419,MACARA,473.7,3.111,50.1,1,11,0.9,camion liviano,47.0,77.9,0,0
ENT-02923,Zamora,135.5,0.616,41.7,10,10,0.0,camion pesado,48.0,22.7,0,1
ENT-01190,Catamayo,242.0,0.783,19.3,10,6,0.1,camion pesado,,89.6,2,1
ENT-01992,Macara,130.4,0.426,55.6,7,11,0.0,camion liviano,55.0,70.9,0,1
ENT-02654,Machala,641.8,2.964,41.2,4,7,0.0,camioneta,80.0,76.6,0,0
ENT-01919,Macara,450.3,2.807,50.5,4,8,0.7,camion liviano,20.0,48.2,2,1
ENT-00116,Zamora,748.2,5.025,23.5,8,10,9.7,camion pesado,36.0,26.2,2,1
ENT-02999,Loja,206.4,1.434,32.1,8,6,5.1,camion liviano,111.0,35.5,0,0
ENT-02830,Loja ,269.5,1.291,128.7,5,4,1.5,camioneta,,23.9,2,1
ENT-02189,Cariamanga,542.3,2.646,23.4,2,4,1.2,camioneta,56.0,68.9,0,0
ENT-02855,Macara,738.0,2.644,32.3,3,10,1.5,camion liviano,12.0,61.7,2,1
ENT-01412,Catamayo,111.5,0.382,56.1,7,6,,camion liviano,,77.8,2,1
ENT-01678,Saraguro,513.1,3.181,39.8,4,13,3.6,camion pesado,69.0,81.2,2,1
ENT-01884,Catamayo,335.6,1.223,50.6,2,9,2.7,camion liviano,7.0,37.5,0,1
ENT-00673,Saraguro,321.1,1.343,27.9,1,10,4.9,camion pesado,27.0,66.9,0,0
ENT-01507,Cariamanga,65.2,0.349,13.0,3,99,1.3,camioneta,,13.4,3,1
ENT-01712,Zamora,183.9,0.627,10.4,7,4,0.0,camioneta,44.0,77.1,1,1
ENT-00592,Macara,99.4,0.415,27.1,3,8,9.6,camion liviano,26.0,22.8,0,1
ENT-01476,Macara,143.0,1.004,42.6,11,10,0.0,camion liviano,19.0,61.0,0,1
ENT-00889,Saraguro,451.2,2.285,17.2,10,6,2.4,camion pesado,55.0,74.2,0,0
ENT-01841,Cariamanga,678.4,2.672,63.4,1,9,2.0,camioneta,35.0,55.0,0,1
ENT-02803,Macara,577.1,2.16,10.8,10,13,0.7,camion liviano,,80.2,2,1
ENT-01942,Catamayo,438.1,3.02,3.1,6,9,0.0,camioneta,91.0,65.1,1,1
ENT-00214,Zamora,231.8,0.858,42.2,9,7,0.6,camioneta,71.0,52.2,2,1
ENT-00779,Catamayo,251.7,1.322,16.8,1,10,0.3,camion pesado,70.0,40.0,0,0
ENT-02743,Cariamanga,314.0,1.336,26.7,12,5,0.0,camioneta,56.0,65.0,3,1
ENT-00801,Macara,111.6,0.449,6.0,8,7,2.0,camion liviano,45.0,49.6,1,1
ENT-02531,Catamayo,27.6,0.119,24.6,1,7,0.0,camion liviano,,22.0,1,1
ENT-01703,Saraguro,436.5,2.316,114.1,1,8,1.5,camioneta,,61.3,0,0
ENT-01818,Cariamanga,206.5,0.674,12.8,3,7,0.6,camioneta,77.0,47.8,0,0
ENT-02331,Loja,187.4,1.106,72.1,6,9,0.0,camion liviano,,88.3,1,1
ENT-02717,Loja,255.6,1.176,30.6,2,5,0.1,camioneta,,71.0,0,0
ENT-02767,Macara,42.7,0.218,2.4,1,9,0.2,camion liviano,,20.9,0,0
ENT-00274,Loja,281.4,1.116,72.6,7,10,2.8,camioneta,14.0,81.1,0,1
ENT-00072,LOJA,114.2,0.608,16.5,3,10,0.9,camioneta,93.0,81.6,1,1
ENT-01877,Catamayo,191.2,0.718,19.3,1,16,0.0,camion pesado,36.0,57.8,2,1
ENT-01088,Machala,130.2,0.453,67.5,4,10,3.4,camion liviano,,41.4,2,1
ENT-00395,Macara,174.9,0.658,34.3,4,13,5.9,camioneta,46.0,50.7,0,0
ENT-00584,Loja,168.1,0.732,5.7,12,11,0.1,camion pesado,61.0,84.0,0,1
ENT-02059,Saraguro,152.5,1.056,11.7,12,12,0.7,camion liviano,63.0,76.4,2,0
ENT-02064,Cariamanga,68.3,0.391,151.9,2,9,1.7,camion pesado,,19.5,2,1
ENT-00501,Loja,527.9,2.919,67.8,4,13,1.6,camioneta,44.0,82.1,0,0
ENT-02491,Loja,158.1,0.529,10.8,6,15,1.0,camioneta,18.0,76.4,1,1
ENT-02269,Cariamanga,93.5,0.51,121.2,3,4,1.7,camioneta,,26.9,3,1
ENT-01299,LOJA,159.5,0.575,43.2,3,9,1.5,camion liviano,43.0,53.7,6,1
ENT-02796,Cariamanga,178.2,0.747,133.4,1,11,1.0,camioneta,91.0,15.7,0,0
ENT-01546,Macara,285.8,1.46,50.7,1,8,1.6,camioneta,,39.4,0,0
ENT-01260,Cariamanga,199.7,0.821,13.8,5,9,0.6,camioneta,,20.2,2,1
ENT-01689,Saraguro,79.8,0.512,42.4,6,6,1.6,camion pesado,52.0,73.6,0,0
ENT-02478,Saraguro,257.1,1.447,46.9,3,10,1.3,camion liviano,,20.4,1,1
ENT-00206,Cariamanga,337.0,1.687,42.2,11,8,0.5,camion liviano,84.0,80.2,3,1
ENT-00734,Macara,106.4,0.338,61.2,7,9,0.0,camion liviano,109.0,44.4,3,1
ENT-01597,Loja,56.2,0.197,26.8,7,10,0.0,camion liviano,44.0,60.9,0,1
ENT-00527,Machala,436.2,1.538,52.1,8,13,1.4,camioneta,30.0,31.7,0,0
ENT-02000,Saraguro,41.5,0.163,65.8,6,10,0.7,camion liviano,53.0,47.9,3,1
ENT-00899,Macara,320.9,1.777,22.1,1,9,4.6,camioneta,68.0,70.4,1,1
ENT-00378,machala,74.0,0.451,44.4,7,13,2.3,camion liviano,52.0,85.2,2,1
ENT-01812,Catamayo,508.5,2.221,5.0,16,4,10.3,camion liviano,33.0,75.3,4,1
ENT-02737,Machala,225.4,0.767,18.2,1,9,1.0,camioneta,46.0,93.6,0,0
ENT-01519,Zamora,169.2,0.55,94.7,6,4,1.3,camion liviano,39.0,74.6,2,1
ENT-00387,Loja,22.8,0.105,111.7,2,13,0.0,camion liviano,10.0,66.8,2,1
ENT-00199,Catamayo,367.5,2.559,43.5,6,7,1.1,camion liviano,50.0,85.0,2,1
ENT-01051,Loja,398.1,2.761,67.6,1,6,0.0,camion liviano,34.0,23.5,0,0
ENT-00591,Catamayo,280.6,1.111,5.5,5,4,0.3,camion liviano,94.0,71.1,2,1
ENT-00520,Catamayo,140.1,0.821,32.3,2,9,13.1,camion pesado,25.0,53.3,0,1
ENT-02707,Saraguro,378.1,1.377,70.8,6,9,0.7,camion pesado,,67.1,1,0
ENT-02746,Loja,331.1,1.908,10.5,3,10,3.4,camion liviano,50.0,37.5,2,1
ENT-00430,Zamora,528.3,3.468,24.3,6,10,,camion liviano,71.0,45.3,3,1
ENT-01084,Macara,657.2,4.377,45.4,7,12,0.8,camion liviano,,21.7,2,1
ENT-00208,Machala,489.9,3.057,39.2,11,11,0.0,camion pesado,70.0,76.0,2,1
ENT-00492,Saraguro,862.0,5.74,29.7,8,9,0.9,camion pesado,30.0,38.1,0,1
ENT-01406,Macara,119.0,0.406,56.0,6,10,,camioneta,4.0,22.2,0,0
ENT-02970,Saraguro,94.6,0.327,22.7,2,7,2.8,camion pesado,36.0,67.8,1,1
ENT-00793,Saraguro,284.4,1.134,22.6,13,10,2.7,camioneta,31.0,85.1,0,0
ENT-02544,Zamora,210.7,0.788,43.7,8,11,1.7,camion liviano,49.0,64.9,0,1
ENT-01187,Loja,61.2,0.197,9.9,11,5,2.4,camioneta,68.0,50.0,1,1
ENT-01186,Cariamanga,48.5,0.172,11.3,7,9,0.3,camioneta,82.0,43.7,1,0
ENT-01848,Loja,466.8,1.6,53.0,6,9,0.0,camion pesado,44.0,55.5,0,0
ENT-01413,Catamayo,256.7,0.978,50.4,1,6,3.3,camion liviano,,19.7,0,0
ENT-02745,Catamayo,586.8,2.763,77.4,4,11,0.6,camioneta,59.0,18.8,0,0
ENT-00084,Saraguro,327.3,1.087,69.2,7,9,1.5,camion liviano,,25.0,0,0
ENT-02417,Macara,60.2,0.41,21.6,3,9,0.3,camioneta,10.0,61.3,0,0
ENT-02272,LOJA,106.9,0.525,6.0,6,8,0.4,camioneta,13.0,96.5,0,1
ENT-00021,Catamayo,176.6,0.902,11.6,7,6,0.8,camion liviano,,37.2,1,0
ENT-01451,Saraguro,106.7,0.388,2.4,7,7,2.5,camion liviano,44.0,29.7,2,1
ENT-02902,Loja,327.4,2.081,26.3,9,4,0.4,camioneta,58.0,75.4,4,1
ENT-02031,Cariamanga,543.5,2.643,53.3,2,9,,camioneta,42.0,88.1,0,0
ENT-01227,loja,148.7,1.055,20.0,4,15,0.0,camion pesado,,48.3,0,1
ENT-02030,Cariamanga,147.2,0.631,59.5,8,8,0.0,camioneta,19.0,70.0,1,1
ENT-00974,Machala,-1.0,1.23,12.1,5,10,0.0,camion liviano,,63.8,1,1
ENT-02847,Macara,545.8,2.815,15.2,6,14,0.9,camion liviano,,41.0,0,1
ENT-00884,Macara,89.1,0.385,15.6,1,10,2.3,camion liviano,25.0,59.1,3,1
ENT-01099,Saraguro,271.1,1.687,32.9,8,7,1.0,camion liviano,23.0,42.4,1,1
ENT-00157,Loja,469.9,2.996,42.1,5,7,0.6,camion pesado,43.0,23.7,0,1
ENT-02324,Catamayo,86.4,0.35,59.7,3,6,0.3,camioneta,40.0,89.2,1,1
ENT-00887,Catamayo,244.7,1.038,2.8,12,8,3.9,camion liviano,70.0,62.6,0,0
ENT-02679,MACARA,360.4,2.023,45.7,5,8,1.1,camioneta,,78.1,0,0
ENT-01673,Zamora,250.2,1.017,21.4,13,9,2.9,camion pesado,67.0,82.8,4,1
ENT-02529,Macara,199.8,1.261,101.0,4,8,0.5,camion liviano,25.0,73.4,0,0
ENT-00299,Zamora,104.9,0.553,17.9,2,8,12.9,camioneta,14.0,56.4,3,1
ENT-02587,Cariamanga,790.0,2.608,51.0,5,8,2.0,camion liviano,9.0,14.8,1,1
ENT-02012,Zamora,546.3,3.753,87.3,6,13,0.6,camion liviano,,25.6,5,1
ENT-02540,Cariamanga,72.2,0.414,55.8,3,9,3.7,camion liviano,88.0,6.0,0,0
ENT-02703,Cariamanga,464.3,2.005,100.6,24,4,4.1,camion pesado,60.0,11.1,2,1
ENT-00459,machala,301.5,1.644,7.9,7,8,0.7,camioneta,24.0,55.3,1,0
ENT-02351,Catamayo,638.2,2.436,19.3,2,11,,camioneta,,35.1,2,1
ENT-00079,Machala,404.3,1.859,36.6,7,10,0.0,camioneta,9.0,57.8,2,1
ENT-02972,Machala,347.1,1.714,54.6,6,10,2.0,camion liviano,108.0,44.5,1,1
ENT-01057,Machala,153.0,0.657,25.4,6,10,1.0,camioneta,,90.8,1,1
ENT-00907,Macara,79.6,0.413,52.7,6,8,5.2,camioneta,86.0,74.0,2,1
ENT-02892,Catamayo,213.7,0.705,30.8,3,8,2.7,camion pesado,36.0,73.9,4,1
ENT-02260,Catamayo,363.3,2.229,74.2,2,12,0.0,camion pesado,52.0,94.4,1,1
ENT-02751,LOJA,293.9,1.634,48.6,4,13,,camioneta,,76.9,1,1
ENT-00381,Catamayo,87.7,0.343,43.8,3,11,0.4,camion liviano,95.0,63.3,0,0
ENT-00948,Cariamanga,483.9,3.446,58.4,3,7,0.0,camion pesado,32.0,20.3,4,1
ENT-02947,Macara,439.9,1.612,37.4,3,7,10.1,camion pesado,7.0,36.8,1,1
ENT-02310,Macara,159.7,0.54,57.1,2,9,0.4,camioneta,,15.7,3,1
ENT-00716,Macara,221.8,0.804,63.0,3,8,0.8,camioneta,32.0,91.4,4,1
ENT-02006,Saraguro,185.8,0.721,19.7,1,6,0.0,camioneta,10.0,16.2,1,0
ENT-00687,Macara,214.9,1.405,34.9,10,8,0.4,camion pesado,35.0,37.9,1,1
ENT-02619,Zamora,550.0,2.467,29.5,3,9,1.3,camion liviano,60.0,60.4,0,1
ENT-01294,Macara,386.2,2.658,44.3,4,5,2.7,camion liviano,,35.4,0,0
ENT-00306,Machala,225.0,0.76,57.3,9,12,3.1,camioneta,81.0,68.4,0,1
ENT-00210,Machala,176.8,1.087,20.9,2,14,7.5,camioneta,8.0,51.4,2,1
ENT-02305,Zamora,460.5,2.211,83.1,6,8,0.0,camioneta,33.0,43.3,3,1
ENT-02267,Macara,29.5,0.133,93.5,5,6,0.1,camion pesado,16.0,66.9,0,0
ENT-00782,Saraguro,192.3,0.938,66.5,7,11,0.7,camioneta,71.0,43.4,0,0
ENT-02407,Cariamanga,152.4,0.94,39.9,8,6,0.0,camion liviano,44.0,9.3,2,0
ENT-00886,Cariamanga,170.7,0.572,52.1,13,14,5.4,camion pesado,21.0,60.9,2,1
ENT-01714,Macara,344.4,1.643,79.0,5,11,1.1,camioneta,53.0,56.2,0,0
ENT-00918,Macara,193.1,0.774,35.1,10,12,6.3,camioneta,52.0,46.0,3,1
ENT-01749,Loja,256.9,1.204,70.8,8,8,0.0,camion liviano,9.0,62.8,0,0
ENT-01743,Machala,561.6,3.802,45.8,8,9,0.2,camion liviano,63.0,54.2,3,1
ENT-00192,loja,379.9,1.231,18.5,3,8,0.8,camion liviano,,69.9,1,1
ENT-01834,Saraguro,280.9,1.238,87.0,1,5,0.7,camioneta,12.0,57.0,2,1
ENT-02231,Zamora,140.1,0.579,25.8,5,11,3.7,camion liviano,106.0,46.5,0,0
ENT-01266,Lója,258.9,0.991,14.0,3,9,2.8,camioneta,,75.7,0,0
ENT-00484,Loja,641.8,4.161,11.9,4,10,2.7,camioneta,126.0,55.7,0,0
ENT-00916,Saraguro,110.0,0.385,57.4,4,11,3.8,camion liviano,44.0,14.3,2,1
ENT-02653,Machala,398.7,1.613,28.9,2,5,12.1,camioneta,20.0,58.4,3,1
ENT-00278,Cariamanga,199.0,0.682,14.7,3,7,5.0,camion pesado,26.0,20.8,0,0
ENT-00989,Machala,164.2,0.921,14.3,4,8,7.0,camioneta,33.0,32.9,3,1
ENT-02133,Macara,700.9,2.542,86.0,8,10,2.2,camioneta,39.0,87.4,4,1
ENT-02818,Saraguro,618.8,4.131,40.6,12,10,1.4,camioneta,,43.6,0,0
ENT-01826,Catamayo,506.7,2.282,35.3,2,4,,camioneta,57.0,40.3,0,0
ENT-00572,Zamora,243.2,0.77,79.2,6,8,0.0,camion liviano,66.0,20.4,0,0
ENT-01436,Saraguro,838.4,2.797,81.0,8,14,2.3,camioneta,,58.5,0,0
ENT-00994,Macara,151.7,0.603,16.7,9,8,5.0,camion liviano,82.0,78.0,1,1
ENT-01477,Saraguro,19.0,0.103,39.7,5,13,0.0,camion liviano,,46.9,0,0
ENT-01658,loja,277.0,1.162,34.0,4,8,1.9,camion liviano,,37.3,0,0
ENT-00586,Zamora,75.7,0.26,20.2,7,8,0.1,camioneta,62.0,64.5,0,1
ENT-02404,Loja,212.5,0.744,10.5,3,8,0.9,camion pesado,63.0,29.7,0,1
ENT-02419,MACARA,473.7,3.111,50.1,1,11,0.9,camion liviano,47.0,77.9,0,0
ENT-01350,Catamayo,667.0,2.735,102.5,20,9,2.8,camion liviano,166.0,26.9,1,1
ENT-01008,Machala,489.7,2.296,14.9,6,13,4.9,camion pesado,28.0,59.4,3,1
ENT-00675,MACARA,317.6,1.095,25.9,1,13,0.5,camioneta,35.0,25.6,2,1
ENT-01776,Macara,226.6,0.917,7.1,2,7,4.3,camion pesado,71.0,39.0,0,0
ENT-00856,Saraguro,115.5,0.567,79.4,7,13,1.1,camion pesado,5.0,34.0,2,1
ENT-00448,Catamayo,252.4,1.055,64.2,3,11,2.1,camioneta,,27.8,2,1
ENT-01495,Macara,356.3,2.247,71.3,6,9,0.0,camioneta,,30.0,0,0
ENT-01750,Catamayo,262.0,0.845,44.1,6,11,0.6,camion pesado,,44.1,2,1
ENT-01698,Loja,436.8,1.404,34.4,3,7,11.1,camion liviano,45.0,45.2,1,0
ENT-02584,Catamayo,394.5,2.238,48.3,3,11,0.2,camioneta,,71.0,1,0
ENT-02898,Loja,174.5,0.616,80.5,6,12,0.9,camion pesado,,22.1,1,1
ENT-02849,Loja,437.0,1.499,73.7,8,9,0.0,camioneta,21.0,40.7,0,0
ENT-01801,Machala,694.9,3.361,39.6,1,11,0.7,camioneta,23.0,76.2,0,0
ENT-02726,Machala,365.6,1.917,41.1,4,9,2.0,camioneta,91.0,51.6,2,1
ENT-01248,Cariamanga,132.0,0.468,65.0,2,9,5.5,camioneta,80.0,41.7,1,1
ENT-00295,Macara,469.2,1.881,42.6,3,10,9.6,camion pesado,95.0,63.4,4,1
ENT-00589,Cariamanga,336.9,1.113,6.3,7,9,4.7,camion liviano,,71.2,2,1
ENT-01282,Machala,324.6,1.656,31.1,7,7,0.0,camion liviano,,62.8,1,1
ENT-01498,Saraguro,374.1,1.753,14.5,8,12,0.0,camioneta,23.0,51.0,5,1
ENT-01913,Machala,248.9,1.017,80.5,5,4,1.2,camioneta,,81.0,1,0
ENT-02222,Cariamanga,134.0,0.497,59.8,9,12,0.0,camion liviano,,78.1,3,1
ENT-02938,Cariamanga,318.2,1.68,64.2,7,7,1.4,camion liviano,,52.4,1,1
ENT-02300,Cariamanga,142.8,0.517,12.5,2,9,0.8,camion liviano,29.0,34.9,0,1
ENT-01418,Loja,817.4,4.322,10.6,1,5,0.1,camion pesado,39.0,52.6,1,1
ENT-00426,Cariamanga,89.7,0.558,21.7,13,11,0.0,camioneta,20.0,22.6,1,1
ENT-00535,Machala,81.4,0.279,20.7,4,11,1.5,camioneta,22.0,45.8,2,1
ENT-01055,machala,335.8,1.617,5.9,7,10,1.1,camioneta,40.0,56.0,1,1
ENT-01954,Macara,71.4,0.225,42.2,7,12,1.1,camioneta,,86.6,1,0
ENT-02556,Machala,232.0,1.06,71.2,17,5,,camioneta,40.0,40.6,2,1
ENT-02438,Zamora,363.4,1.755,46.9,8,12,1.5,camion liviano,,57.8,0,0
ENT-00133,Loja,213.1,1.033,30.8,6,4,0.0,camioneta,24.0,68.9,0,1
ENT-01926,MACARA,462.3,1.458,31.1,4,5,0.0,camioneta,,90.6,4,1
ENT-01914,Saraguro,810.1,4.103,42.0,2,9,2.2,camion liviano,104.0,33.2,2,1
ENT-00422,Zamora,88.9,0.331,43.1,5,10,0.0,camioneta,71.0,47.7,0,0
ENT-02713,Machala,464.6,2.887,38.5,4,9,1.1,camioneta,178.0,79.0,0,0
ENT-02563,Machala,428.6,2.0,20.0,6,16,1.2,camioneta,77.0,34.7,1,1
ENT-02252,Macara,226.1,1.091,60.4,4,7,0.2,camion liviano,,65.6,1,1
ENT-01369,Machala,208.3,1.403,8.8,6,5,,camioneta,7.0,50.2,0,0
ENT-00557,Loja ,-1.0,1.015,83.6,3,8,0.0,camion liviano,56.0,73.7,0,0
ENT-02087,Zamora,415.5,1.758,91.6,1,11,1.5,camion pesado,6.0,20.3,0,1
ENT-01563,Macara,318.0,1.499,60.5,8,10,1.1,camioneta,20.0,56.8,2,1
ENT-02734,Machala,255.0,1.067,29.5,7,12,2.1,camioneta,32.0,31.5,5,1
ENT-00571,Saraguro,674.9,3.266,32.5,6,11,0.0,camioneta,40.0,59.4,1,1
ENT-00353,Machala,95.1,0.594,38.4,6,11,0.0,camion liviano,,65.3,0,0
ENT-00092,Macara,42.4,0.141,35.7,12,4,3.5,camion liviano,49.0,80.2,0,0
ENT-02168,Zamora,397.7,1.482,100.8,3,5,0.4,camion liviano,,45.8,0,1
ENT-02586,Macara,334.4,1.259,38.0,4,8,2.5,camioneta,20.0,37.1,1,1
ENT-01171,Catamayo,593.6,1.962,22.9,1,11,0.0,camion pesado,41.0,93.6,2,1
ENT-01566,MACARA,186.4,0.739,12.3,10,11,1.8,camion pesado,65.0,30.8,0,0
ENT-01286,Loja,613.3,3.089,28.7,7,7,0.5,camion liviano,,47.5,2,1
ENT-01787,Lója,289.5,1.001,12.2,1,11,6.5,camioneta,,92.4,4,1
ENT-01544,Catamayo,107.5,0.595,54.6,11,9,0.0,camion liviano,39.0,22.9,1,1
ENT-02954,Saraguro,212.4,1.233,60.5,2,15,0.3,camion liviano,,64.8,0,1
ENT-01554,Catamayo,276.4,0.94,30.0,10,11,0.0,camioneta,34.0,58.7,3,1
ENT-00698,Loja,400.9,1.998,3.1,4,10,0.1,camioneta,49.0,28.0,1,1
ENT-02933,Saraguro,351.5,1.159,53.7,7,6,6.9,camioneta,49.0,24.5,0,0
ENT-00349,Saraguro,311.8,1.675,45.4,20,7,7.0,camioneta,,65.2,2,1
ENT-01641,Zamora,190.3,0.723,106.2,8,17,0.2,camion liviano,65.0,77.7,2,1
ENT-02798,machala,245.8,1.146,36.1,6,11,1.1,camioneta,59.0,48.6,1,1
ENT-02602,Loja,261.7,1.015,89.3,4,4,1.8,camioneta,43.0,88.1,1,1
ENT-02214,Cariamanga,135.2,0.431,21.3,22,10,2.8,camioneta,16.0,92.3,0,0
ENT-01138,Macara,398.8,1.397,39.3,2,12,7.0,camioneta,29.0,42.6,0,0
ENT-02770,Machala,124.2,0.548,42.2,5,10,2.1,camioneta,,89.9,0,0
ENT-02759,Loja,39.2,0.176,52.1,5,6,3.4,camion liviano,18.0,94.9,4,1
ENT-02894,Loja,402.5,2.541,95.1,2,5,0.0,camion liviano,20.0,14.5,1,1
ENT-02878,Loja,549.1,1.993,193.9,3,10,0.0,camioneta,57.0,57.8,1,0
ENT-01340,Loja,285.0,1.778,28.2,7,12,0.8,camioneta,26.0,54.2,0,0
ENT-02541,Machala,494.9,2.954,74.3,5,7,0.3,camion liviano,,17.7,0,0
ENT-00454,Machala,179.2,1.171,35.8,14,6,3.7,camion liviano,72.0,21.6,0,1
ENT-00914,Catamayo,122.6,0.804,12.7,3,9,7.3,camion liviano,27.0,35.1,0,0
ENT-01200,Lója,274.1,1.161,24.8,4,11,1.2,camion pesado,65.0,45.7,1,0
ENT-01275,Machala,330.4,2.133,9.7,12,11,0.0,camion liviano,10.0,87.4,3,1
ENT-02097,Machala,305.0,1.146,15.4,7,12,0.0,camion pesado,64.0,57.9,0,0
ENT-00038,Loja,307.7,1.313,72.7,10,6,4.3,camioneta,65.0,65.2,2,1
ENT-00975,Catamayo,408.7,2.517,26.1,10,10,0.0,camioneta,13.0,42.2,0,1
ENT-02827,Machala,544.1,2.417,27.6,1,7,0.0,camioneta,,84.6,0,0
ENT-00984,Machala,351.2,2.059,38.1,6,8,0.0,camion liviano,,38.3,0,0
ENT-02376,Zamora,31.3,0.124,12.0,6,7,0.4,camion liviano,18.0,51.0,0,0
ENT-02055,Machala,158.3,1.056,29.7,3,7,0.7,camion pesado,,93.3,2,1
ENT-01419,Machala,169.0,0.585,25.4,3,8,3.4,camioneta,66.0,39.4,2,1
ENT-01285,LOJA,290.7,1.726,35.2,4,10,5.5,camioneta,25.0,60.6,1,1
ENT-00040,Cariamanga,307.1,2.157,73.0,14,11,0.0,camioneta,96.0,32.0,2,1
ENT-01487,Saraguro,114.8,0.6,71.3,7,10,2.6,camion liviano,27.0,51.2,1,1
ENT-01873,Saraguro,135.1,0.587,66.0,10,6,0.9,camion liviano,10.0,69.8,1,1
ENT-00170,Machala,245.0,0.953,57.1,9,9,0.0,camion pesado,62.0,41.8,3,1
ENT-01356,Catamayo,235.3,1.25,83.9,16,10,0.9,camion liviano,,58.5,3,1
ENT-00738,MACARA,231.7,1.001,63.4,4,11,0.6,camioneta,80.0,38.3,0,0
ENT-02495,Catamayo,127.0,0.744,67.5,4,10,3.5,camioneta,,47.5,1,1
ENT-02755,Loja,234.9,1.013,28.0,4,4,,camion liviano,33.0,30.2,0,0
ENT-02224,Macara,253.4,1.071,24.0,1,8,0.0,camion liviano,,77.4,0,0
ENT-00635,Saraguro,158.8,0.876,51.6,2,11,0.0,camion liviano,32.0,63.8,0,0
ENT-02702,Macara,303.5,1.761,45.2,6,10,1.0,camion liviano,50.0,95.6,1,1
ENT-02011,Loja,169.0,0.594,21.3,1,12,1.3,camioneta,,60.0,1,1
ENT-01291,Catamayo,200.4,0.693,38.1,7,8,1.3,camion liviano,96.0,51.0,0,0
ENT-01381,MACARA,73.6,0.258,35.0,3,10,0.0,camion liviano,98.0,42.1,1,0
ENT-00580,loja,172.1,0.986,36.8,3,10,0.4,camioneta,20.0,81.6,0,0
ENT-00329,Zamora,178.3,0.728,11.9,8,8,0.5,camion pesado,,87.6,0,1
ENT-02771,Cariamanga,163.0,0.797,21.1,5,8,0.4,camioneta,19.0,37.5,1,0
ENT-00893,Loja,247.6,0.994,58.2,3,12,1.3,camion pesado,,79.8,0,0
ENT-01939,Loja,394.4,1.325,75.5,7,6,0.0,camion liviano,12.0,75.5,0,0
ENT-00781,Macara,129.2,0.723,34.5,3,11,0.4,camioneta,19.0,74.1,1,0
ENT-00160,Macara,409.3,1.323,13.5,2,9,3.7,camion pesado,51.0,68.0,1,1
ENT-02060,Machala,262.8,0.831,76.6,4,9,3.9,camion pesado,39.0,74.4,5,1
ENT-01736,Zamora,773.6,2.908,70.4,2,10,0.2,camioneta,33.0,24.7,1,1
ENT-02372,Catamayo,140.8,0.993,7.4,8,6,1.7,camion pesado,12.0,17.8,2,1
ENT-00062,Machala,279.2,1.989,8.0,2,12,0.8,camion pesado,43.0,76.6,0,0
ENT-00850,Zamora,35.2,0.227,18.5,5,8,5.6,camioneta,17.0,38.1,0,0
ENT-02175,Saraguro,375.3,1.632,61.8,2,10,2.6,camion liviano,66.0,37.3,0,1
ENT-02950,Cariamanga,119.9,0.823,18.7,13,9,5.3,camioneta,67.0,34.4,0,1
ENT-01691,Machala,111.2,0.548,45.1,3,8,0.8,camion liviano,35.0,17.9,0,0
ENT-01044,Loja,309.8,0.982,35.2,2,12,0.0,camion pesado,28.0,50.3,0,0
ENT-02565,Catamayo,187.3,0.592,38.0,1,7,0.8,camion liviano,52.0,31.3,1,0
ENT-01545,Zamora,91.3,0.367,69.7,1,4,0.3,camioneta,,58.9,1,1
ENT-02958,Cariamanga,366.6,1.973,46.3,4,14,3.7,camion liviano,47.0,75.6,0,1
ENT-01845,Machala,455.6,1.455,26.9,3,11,2.9,camion liviano,16.0,46.8,0,0
ENT-01071,Saraguro,523.4,2.322,1.3,3,13,2.2,camioneta,67.0,60.7,0,0
ENT-00054,Saraguro,668.7,3.931,41.0,16,10,3.0,camion liviano,107.0,75.9,1,1
ENT-02658,Loja,686.3,2.242,47.1,7,13,1.8,camion liviano,58.0,22.4,1,1
ENT-00259,Macara,144.7,0.72,7.2,1,11,0.0,camion liviano,100.0,62.0,0,0
ENT-00506,Cariamanga,213.7,1.443,23.3,4,10,0.0,camioneta,55.0,32.0,3,1
ENT-00753,Saraguro,42.9,0.166,68.5,1,8,3.7,camion pesado,57.0,31.1,1,1
ENT-02980,Catamayo,632.1,2.085,32.9,2,10,3.6,camioneta,,68.6,0,0
ENT-00218,Zamora,254.6,0.904,64.8,6,7,5.5,camion pesado,35.0,13.1,1,1
ENT-00825,Zamora,346.8,1.23,37.8,3,11,1.0,camioneta,3.0,68.1,1,1
ENT-02896,Cariamanga,61.8,0.333,6.7,5,15,0.9,camioneta,,34.4,0,0
ENT-00773,Loja,104.0,0.382,10.8,10,4,1.1,camion liviano,,40.4,0,1
ENT-02321,Loja,228.0,0.874,98.4,4,6,0.0,camion liviano,45.0,38.7,1,1
ENT-01390,Saraguro,444.2,2.748,102.3,3,7,0.0,camioneta,10.0,55.4,0,0
ENT-02554,Zamora,108.0,0.394,29.7,6,9,0.9,camioneta,38.0,77.0,2,1
ENT-01267,Saraguro,214.3,1.289,68.7,6,10,0.0,camioneta,41.0,73.3,1,1
ENT-02515,Saraguro,433.0,1.661,36.2,9,10,1.3,camioneta,35.0,72.9,0,0
ENT-01796,Loja,641.8,2.91,1.0,5,11,0.3,camion liviano,67.0,52.5,0,1
ENT-00772,Macara,315.1,1.849,47.0,3,11,0.3,camioneta,31.0,84.5,2,1
ENT-02860,Loja ,55.5,0.198,41.7,14,8,0.1,camioneta,,36.1,3,1
ENT-02814,Macara,355.8,1.989,16.0,9,9,3.1,camioneta,33.0,70.0,2,1
ENT-02740,Saraguro,285.3,1.257,28.4,2,11,,camioneta,27.0,51.7,0,0
ENT-01086,Macara,676.0,2.623,74.9,5,7,2.3,camion pesado,31.0,53.5,5,1
ENT-01804,Zamora,100.0,0.44,35.7,11,7,2.8,camioneta,26.0,79.4,0,0
ENT-01613,Loja,188.8,0.848,17.7,8,12,1.2,camion pesado,58.0,55.0,1,1
ENT-01326,loja,413.7,2.782,38.4,10,10,0.0,camioneta,43.0,77.6,2,1
ENT-02165,Saraguro,751.1,2.901,45.0,4,8,0.0,camioneta,,54.8,0,1
ENT-02526,Machala,190.1,0.687,49.6,5,12,2.5,camioneta,27.0,42.3,0,1
ENT-01799,MACARA,403.5,1.958,27.8,3,10,0.0,camion liviano,32.0,49.0,1,1
ENT-01814,Zamora,88.5,0.331,57.4,3,6,5.6,camioneta,4.0,63.5,4,1
ENT-02125,Zamora,165.6,0.854,26.5,3,14,2.9,camion liviano,,93.8,2,1
ENT-01781,Machala,75.8,0.403,30.6,2,10,0.9,camion pesado,,84.8,1,0
ENT-01764,Catamayo,178.1,0.693,22.2,4,5,13.4,camion liviano,,10.2,0,0
ENT-02742,Cariamanga,204.2,1.068,55.2,3,9,1.8,camion liviano,70.0,84.6,0,0
ENT-01164,Machala,308.2,1.516,1.6,2,11,0.1,camion liviano,82.0,12.6,0,0
ENT-00964,Cariamanga,553.4,1.886,60.7,5,11,0.0,camioneta,13.0,69.5,1,1
ENT-02960,Machala,768.5,2.537,38.1,12,12,2.9,camioneta,,80.4,4,1
ENT-01745,Cariamanga,234.0,1.276,28.7,3,12,0.0,camioneta,100.0,60.5,0,1
ENT-00399,Catamayo,241.7,0.963,23.9,6,9,1.4,camion liviano,55.0,53.7,2,1
ENT-00585,Macara,501.5,1.777,19.5,6,8,7.2,camioneta,59.0,25.4,0,0
ENT-00949,Machala,437.3,1.476,55.0,9,4,3.1,camion pesado,61.0,63.2,1,0
ENT-00705,Zamora,154.4,0.599,31.1,3,7,1.2,camioneta,74.0,58.3,2,1
ENT-00432,Cariamanga,438.7,1.488,20.0,13,11,5.9,camion pesado,18.0,67.8,2,1
ENT-00293,Loja,278.5,1.248,18.5,4,8,2.3,camion liviano,17.0,55.9,3,1
ENT-00146,Cariamanga,956.2,4.726,22.9,2,7,0.0,camioneta,54.0,42.3,0,0
ENT-00324,Catamayo,70.9,0.248,61.8,3,9,1.4,camioneta,123.0,86.4,3,1
ENT-02154,Catamayo,183.3,0.836,15.5,3,12,0.3,camion liviano,19.0,92.3,1,1
ENT-01166,Loja,379.9,1.604,24.5,6,11,0.0,camion pesado,54.0,77.9,1,1
ENT-01453,Saraguro,33.2,0.129,37.9,4,6,1.0,camion liviano,33.0,21.1,0,0
ENT-00003,Cariamanga,33.8,0.209,15.7,3,12,0.6,camioneta,12.0,57.0,0,0
ENT-00577,Saraguro,82.1,0.352,29.7,6,8,0.2,camioneta,,54.2,1,1
ENT-02348,Zamora,96.8,0.625,36.2,7,7,1.9,camioneta,,59.5,2,1
ENT-00340,Macara,130.3,0.543,74.2,8,9,0.0,camioneta,19.0,65.8,1,1
ENT-01869,Machala,426.7,2.713,108.7,6,8,0.5,camioneta,,79.8,1,1
ENT-02247,Macara,330.0,1.27,74.7,17,9,9.4,camion liviano,11.0,22.6,1,1
ENT-00926,Zamora,245.3,0.998,48.0,3,9,1.8,camioneta,26.0,85.3,0,0
ENT-00266,Cariamanga,321.6,1.293,102.5,3,7,1.9,camion pesado,,31.7,2,1
ENT-00377,Macara,157.9,0.856,56.7,13,7,0.0,camion pesado,38.0,65.5,1,1
ENT-01953,Machala,229.3,1.088,98.5,8,12,3.8,camioneta,,23.7,1,1
ENT-01464,Catamayo,218.5,1.387,124.5,4,8,0.0,camioneta,,75.0,1,0
ENT-00272,Zamora,399.8,1.484,57.8,3,9,0.0,camion pesado,,76.5,1,1
ENT-00697,Saraguro,535.8,2.108,18.6,7,11,0.0,camion liviano,,84.6,1,1
ENT-02852,Cariamanga,164.5,0.591,36.3,12,8,0.0,camion liviano,26.0,66.6,3,1
ENT-00245,Zamora,181.0,0.783,17.9,3,9,0.0,camion liviano,91.0,70.3,1,0
ENT-02871,Catamayo,91.4,0.577,49.8,5,11,0.7,camion liviano,53.0,8.2,0,1
ENT-00477,MACARA,424.6,2.163,6.0,8,7,,camioneta,124.0,28.9,0,0
ENT-01778,Loja,120.0,0.424,39.1,8,5,0.2,camioneta,22.0,28.3,0,0
ENT-01808,Macara,109.7,0.497,31.2,6,4,2.8,camioneta,,80.9,0,0
ENT-01938,Zamora,81.9,0.288,72.2,4,8,0.0,camioneta,,76.6,2,1
ENT-02705,Saraguro,319.9,1.242,83.2,6,8,0.0,camion liviano,62.0,49.0,3,1
ENT-02590,Catamayo,-1.0,0.197,29.9,11,10,0.8,camion liviano,27.0,56.0,0,0
ENT-02841,Saraguro,91.6,0.49,36.1,9,8,0.8,camion liviano,18.0,55.9,2,1
ENT-00053,Loja,18.9,0.063,24.3,4,7,2.8,camioneta,31.0,76.8,0,1
ENT-02016,Loja,192.9,0.647,84.6,5,6,,camioneta,27.0,46.5,2,1
ENT-02822,Macara,720.7,2.348,74.1,7,7,1.7,camion liviano,41.0,91.4,0,0
ENT-00251,Loja,281.6,1.937,30.0,7,4,0.7,camion pesado,61.0,78.2,1,0
ENT-00414,Machala,522.3,3.169,14.9,3,11,2.9,camioneta,,80.4,0,0
ENT-00546,Saraguro,371.2,1.211,38.1,4,6,0.9,camion liviano,132.0,39.8,1,0
ENT-01194,Macara,467.9,1.864,19.7,1,7,4.6,camion liviano,,12.2,3,1
ENT-00739,loja,286.0,1.474,44.5,10,14,0.2,camioneta,21.0,29.2,0,1
ENT-00311,Zamora,151.7,0.892,39.2,10,4,0.0,camion pesado,108.0,51.9,1,0
ENT-01772,Saraguro,229.7,0.804,34.2,1,7,1.1,camion liviano,,74.9,1,1
ENT-00894,Saraguro,526.9,1.803,76.6,1,7,0.0,camioneta,37.0,51.3,4,1
ENT-01132,Macara,194.4,0.793,42.6,8,11,1.8,camion pesado,39.0,49.4,0,0
ENT-01450,Saraguro,95.9,0.548,50.4,9,10,4.3,camioneta,,37.9,0,0
ENT-02965,Catamayo,531.4,2.14,25.2,3,6,7.9,camioneta,52.0,25.0,0,0
ENT-00016,Saraguro,64.5,0.235,15.7,7,9,3.7,camion pesado,,44.6,2,1
ENT-02043,Catamayo,258.5,1.266,31.4,4,7,0.0,camion liviano,34.0,41.7,1,0
ENT-00722,Zamora,248.3,0.8,50.8,4,7,0.0,camioneta,,50.9,1,1
ENT-01421,Macara,188.4,0.896,59.5,7,10,1.0,camioneta,,59.2,0,0
ENT-02688,Zamora,186.1,1.021,24.3,2,10,2.7,camion liviano,,17.7,0,0
ENT-00982,Cariamanga,112.3,0.697,21.4,9,9,0.0,camioneta,46.0,45.4,0,1
ENT-01964,Saraguro,533.5,3.294,21.8,1,9,0.0,camion liviano,,38.2,0,0
ENT-01540,Zamora,495.0,1.932,14.1,3,11,4.0,camion pesado,10.0,72.7,0,0
ENT-02583,Loja,184.5,0.998,9.3,3,9,0.3,camion liviano,,29.0,2,1
ENT-01551,Cariamanga,184.9,0.814,15.9,7,10,1.7,camioneta,,38.6,0,0
ENT-02471,machala,48.0,0.269,63.2,3,7,3.0,camioneta,173.0,77.1,0,1
ENT-00364,Catamayo,539.4,1.974,27.2,3,12,,camioneta,,48.5,1,1
ENT-00983,Saraguro,171.6,0.851,52.3,6,12,,camion pesado,52.0,78.5,1,0
ENT-00183,Cariamanga,113.0,0.572,66.6,2,12,1.2,camioneta,7.0,35.5,2,1
ENT-00986,Machala,55.5,0.263,32.0,2,11,0.0,camion liviano,124.0,43.2,0,0
ENT-02068,Loja,141.6,0.8,49.7,3,9,0.1,camion pesado,,37.1,0,0
ENT-01195,Saraguro,323.8,1.759,40.7,5,9,0.0,camion liviano,1.0,80.3,4,1
ENT-02150,Macara,285.2,0.986,28.9,2,10,1.0,camioneta,,83.9,0,0
ENT-02701,Catamayo,62.3,0.415,18.0,3,14,3.3,camion liviano,17.0,17.6,0,0
ENT-01122,Loja,69.3,0.218,13.7,2,12,7.2,camioneta,95.0,65.4,2,1
ENT-00188,Loja,506.2,3.046,53.4,4,8,7.3,camion liviano,107.0,52.6,1,1
ENT-00620,LOJA,239.0,1.701,50.4,7,7,1.5,camioneta,,80.3,1,1
ENT-02644,Catamayo,263.3,1.396,8.7,4,10,1.2,camion liviano,104.0,41.1,0,0
ENT-01176,Cariamanga,71.3,0.264,20.7,3,10,0.0,camion pesado,,48.6,1,0
ENT-01183,Machala,285.9,1.259,24.0,4,6,0.0,camion liviano,119.0,23.3,0,0
ENT-02432,Loja,249.9,0.786,28.8,8,8,3.1,camioneta,,56.0,2,1
ENT-02246,Loja,200.4,0.639,25.0,6,10,0.0,camion liviano,56.0,30.4,1,1
ENT-00615,Cariamanga,289.0,1.211,15.9,2,7,0.0,camion pesado,57.0,69.0,4,1
ENT-01514,Zamora,98.4,0.446,19.7,6,11,3.3,camioneta,55.0,90.6,2,1
ENT-01467,MACARA,251.3,0.821,55.3,1,10,1.8,camion liviano,9.0,2.6,0,0
ENT-00402,LOJA,356.3,1.419,23.2,4,9,7.4,camion liviano,85.0,52.7,0,0
ENT-00995,Loja,854.0,2.9,103.8,2,9,6.7,camioneta,34.0,35.5,0,1
ENT-00935,Zamora,511.3,1.794,50.6,13,12,1.1,camion liviano,120.0,24.6,3,1
ENT-00372,Catamayo,89.6,0.505,35.2,11,10,9.2,camion liviano,90.0,73.5,1,1
ENT-02015,LOJA,250.5,0.879,40.7,8,7,1.5,camioneta,48.0,38.6,0,0
ENT-02211,Loja,315.6,1.149,47.2,11,6,1.3,camion liviano,,68.8,2,1
ENT-00594,Zamora,502.9,2.088,95.5,9,11,2.4,camion liviano,67.0,25.6,2,1
ENT-02003,Catamayo,365.2,1.95,34.3,4,5,3.2,camion liviano,,54.0,0,1
ENT-00727,Cariamanga,90.3,0.386,129.7,6,11,0.2,camion pesado,74.0,21.7,0,0
ENT-00827,Lója,230.2,1.443,80.5,5,4,1.5,camion liviano,92.0,64.7,1,1
ENT-01757,Cariamanga,375.7,1.33,24.3,2,11,1.9,camion pesado,,62.6,3,1
ENT-00688,Saraguro,275.7,1.24,34.8,4,14,0.0,camion liviano,,73.6,3,1
ENT-02261,Catamayo,561.8,2.769,53.2,5,6,1.7,camioneta,39.0,82.1,2,1
ENT-00137,Loja,187.3,0.807,9.8,6,8,0.0,camion pesado,4.0,16.1,0,1
ENT-02499,Machala,179.7,0.761,18.4,10,8,0.5,camion pesado,42.0,54.1,1,1
ENT-00629,Macara,266.9,1.056,17.6,1,9,3.3,camion liviano,16.0,49.9,0,0
ENT-00335,Catamayo,366.2,1.298,50.6,2,13,0.0,camion liviano,26.0,71.0,0,0
ENT-00391,Saraguro,287.3,1.164,47.4,4,8,1.6,camioneta,90.0,55.1,0,0
ENT-02357,Zamora,348.9,1.203,50.8,10,7,5.0,camioneta,32.0,52.5,3,1
ENT-01110,Catamayo,128.9,0.785,15.6,2,11,2.6,camioneta,37.0,77.2,1,1
ENT-01823,Catamayo,276.5,1.255,5.2,7,7,8.7,camioneta,4.0,36.0,0,0
ENT-02754,Machala,124.7,0.835,46.6,8,4,0.9,camion pesado,29.0,24.0,0,1
ENT-00711,Saraguro,81.3,0.48,90.0,2,5,0.0,camioneta,,79.7,0,0
ENT-01040,Saraguro,351.3,2.224,54.2,3,10,0.0,camioneta,,51.5,0,0
ENT-02637,Catamayo,68.4,0.467,59.0,3,8,1.6,camioneta,90.0,65.3,0,1
ENT-01940,Zamora,603.1,3.532,6.3,2,11,3.9,camion liviano,39.0,47.7,0,1
ENT-02649,Cariamanga,208.4,0.899,13.9,6,12,0.0,camioneta,35.0,12.6,0,0
ENT-01562,LOJA,351.6,1.375,11.0,5,9,1.1,camioneta,,89.2,0,1
ENT-02813,Zamora,48.6,0.152,142.5,5,7,2.0,camioneta,44.0,74.9,2,1
ENT-01595,Saraguro,289.1,1.239,46.6,6,7,6.2,camion liviano,28.0,46.4,5,1
ENT-02906,MACARA,235.0,0.854,58.5,8,10,2.2,camion pesado,28.0,50.9,2,1
ENT-02903,Catamayo,255.7,0.909,18.2,2,8,1.3,camioneta,177.0,63.7,1,0
ENT-01113,machala,513.5,3.067,75.1,1,8,2.7,camion liviano,,53.8,0,0
ENT-00466,Zamora,308.7,1.96,27.3,4,9,0.2,camion liviano,,42.8,0,0
ENT-01561,Cariamanga,145.4,0.631,164.8,4,9,2.7,camion pesado,,79.3,0,1
ENT-01224,Catamayo,184.3,0.606,68.0,11,14,1.7,camioneta,24.0,40.3,1,1
ENT-02046,Cariamanga,49.7,0.176,64.0,10,11,0.5,camioneta,,71.0,0,0
ENT-02604,Catamayo,52.5,0.215,94.3,11,11,7.9,camion liviano,24.0,69.3,4,1
ENT-02457,Catamayo,253.0,1.207,46.0,4,11,0.0,camion liviano,42.0,62.6,1,0
ENT-01509,Macara,491.7,1.688,64.6,8,5,0.0,camion liviano,49.0,16.7,1,1
ENT-01105,Cariamanga,146.1,0.923,58.7,2,7,2.8,camion pesado,130.0,51.5,2,1
ENT-00661,Machala,294.8,1.126,26.6,7,9,0.8,camion liviano,,31.1,0,1
ENT-00339,Machala,502.0,2.321,87.2,2,10,,camion liviano,156.0,86.1,1,1
ENT-00216,Loja,113.9,0.545,20.9,7,8,0.0,camioneta,,84.9,4,1
ENT-01616,Machala,206.8,0.779,11.4,4,13,1.9,camion liviano,52.0,58.6,1,1
ENT-02009,Zamora,320.7,2.092,83.9,4,11,0.0,camioneta,88.0,42.7,0,0
ENT-02567,Saraguro,156.3,0.523,31.4,3,11,1.8,camioneta,,78.1,0,0
ENT-02862,Saraguro,392.7,2.139,11.9,13,7,2.2,camion liviano,52.0,67.7,0,1
ENT-01593,Catamayo,405.8,1.35,58.4,8,8,0.0,camion liviano,101.0,46.0,0,0
ENT-01925,Cariamanga,110.1,0.506,71.0,13,9,0.0,camion pesado,29.0,47.8,1,0
ENT-01767,Zamora,527.1,1.73,21.2,3,9,3.9,camioneta,,42.6,2,1
ENT-02575,Macara,773.7,2.808,5.3,3,10,0.0,camion liviano,,26.5,3,1
ENT-00817,Zamora,105.4,0.342,29.2,5,9,1.8,camion pesado,,44.7,5,1
ENT-01068,Cariamanga,150.8,0.678,28.4,7,8,0.0,camioneta,25.0,19.5,0,0
ENT-02548,Macara,465.7,1.476,51.5,7,8,3.3,camion pesado,74.0,79.2,1,1
ENT-00275,Machala,170.8,0.802,15.2,2,8,0.0,camioneta,66.0,55.0,3,1
ENT-02291,Machala,316.0,1.272,20.4,3,5,6.1,camion liviano,,78.4,0,0
ENT-00866,Machala,156.9,0.651,10.2,3,8,3.6,camion liviano,,42.5,2,1
ENT-00102,Saraguro,233.0,0.729,31.8,11,11,5.8,camioneta,38.0,39.9,1,1
ENT-01502,Saraguro,488.7,2.561,57.6,5,8,4.9,camioneta,,58.0,0,0
ENT-02195,Machala,376.7,1.622,25.7,5,11,2.4,camioneta,58.0,65.4,1,1
ENT-00172,Machala,80.6,0.257,23.6,4,13,5.3,camion liviano,69.0,32.3,0,0
ENT-00108,Loja,587.2,3.299,23.6,8,9,2.9,camion liviano,,60.6,0,0
ENT-01952,Catamayo,495.3,1.782,71.4,5,14,2.3,camion liviano,72.0,38.8,1,1
ENT-01522,Loja ,548.2,2.101,49.7,1,10,3.7,camioneta,4.0,72.6,2,1
ENT-00015,Catamayo,168.8,0.651,16.1,6,7,0.6,camion pesado,22.0,50.7,4,1
ENT-02248,Machala,510.6,2.712,160.5,3,7,15.2,camion liviano,28.0,94.7,0,1
ENT-02185,Saraguro,20.5,0.081,21.2,3,8,0.9,camioneta,19.0,44.5,1,1
ENT-01851,MACARA,249.0,1.56,39.0,1,8,5.0,camion liviano,20.0,52.3,1,1
ENT-02085,Saraguro,352.0,1.22,57.0,4,8,1.1,camion liviano,,47.6,1,1
ENT-02277,Macara,363.6,1.176,35.0,6,7,,camion liviano,33.0,46.4,2,1
ENT-02298,Machala,52.2,0.235,39.1,3,12,3.1,camioneta,32.0,47.3,0,0
ENT-02388,loja,61.5,0.211,54.4,2,9,0.5,camion liviano,,54.1,1,1
ENT-02629,Saraguro,328.9,1.277,23.2,8,9,0.3,camioneta,,35.5,0,0
ENT-01846,Cariamanga,962.2,3.503,24.9,11,8,0.0,camion liviano,45.0,24.4,0,1
ENT-00296,Zamora,482.5,3.42,50.1,3,9,0.5,camioneta,2.0,29.5,0,0
ENT-00713,LOJA,248.9,0.824,59.0,9,8,1.5,camioneta,60.0,28.4,0,0
ENT-00073,Machala,151.0,0.485,152.8,8,12,0.3,camion pesado,15.0,24.1,1,1
ENT-02045,Macara,273.9,1.098,18.9,8,9,,camioneta,,59.3,0,0
ENT-02317,Loja,73.6,0.3,46.0,2,5,2.6,camion liviano,,89.1,2,1
ENT-02615,Zamora,150.5,0.63,29.4,2,5,4.9,camion pesado,18.0,80.7,2,1
ENT-02943,Saraguro,424.5,1.7,45.6,2,11,0.0,camion liviano,86.0,13.9,0,0
ENT-00482,Lója,159.8,0.766,33.3,3,8,2.2,camioneta,,85.4,0,0
ENT-02264,Machala,235.4,1.468,8.0,7,9,1.0,camion pesado,98.0,54.6,1,0
ENT-01531,machala,261.7,1.641,26.0,3,8,2.4,camion pesado,156.0,44.9,2,1
ENT-02607,Macara,139.3,0.726,16.0,4,13,2.2,camion pesado,36.0,26.7,0,0
ENT-01515,Loja,192.6,0.848,62.9,1,7,8.7,camion liviano,2.0,37.7,3,1
ENT-02739,Zamora,305.8,1.166,75.0,15,12,0.6,camioneta,44.0,57.9,1,1
ENT-01763,Cariamanga,107.4,0.506,89.1,3,10,1.7,camioneta,10.0,59.9,0,0
ENT-01491,Cariamanga,184.9,0.838,53.8,4,10,0.0,camion liviano,135.0,82.0,0,1
ENT-01172,LOJA,495.4,1.755,12.9,4,9,1.6,camion liviano,178.0,23.4,0,0
ENT-02501,Saraguro,1176.4,6.917,82.8,2,12,0.0,camion pesado,,32.7,1,1
ENT-01916,Saraguro,251.9,1.25,10.2,3,8,2.3,camion liviano,74.0,17.5,0,0
ENT-02594,Macara,208.5,0.734,42.3,7,13,0.0,camion pesado,,29.2,1,1
ENT-02118,Cariamanga,307.5,1.299,47.4,2,7,3.2,camion pesado,21.0,49.6,0,0
ENT-02284,Machala,246.4,1.218,48.2,6,99,0.0,camion liviano,92.0,48.6,0,0
ENT-02319,Catamayo,483.1,2.745,23.8,2,6,1.3,camioneta,,11.5,0,0
ENT-00406,Loja,237.8,1.528,22.3,3,9,1.4,camioneta,85.0,80.8,1,1
ENT-00758,Macara,520.4,1.686,62.7,8,12,,camioneta,27.0,78.0,0,1
ENT-02794,Saraguro,351.8,1.585,46.5,7,8,4.2,camion pesado,47.0,56.0,1,1
ENT-02230,LOJA,472.3,2.094,59.8,3,10,0.2,camion liviano,44.0,61.8,0,0
ENT-02290,Macara,997.0,3.158,82.2,5,8,0.0,camioneta,33.0,37.4,0,0
ENT-00098,machala,414.4,1.659,79.6,3,9,,camion liviano,65.0,80.2,0,1
ENT-01334,Cariamanga,238.0,0.922,68.0,6,10,2.0,camion liviano,85.0,59.3,0,0
ENT-02437,Machala,546.0,2.298,56.3,13,10,2.4,camioneta,65.0,75.0,2,1
ENT-00744,Machala,195.7,0.696,57.9,6,6,0.6,camion liviano,121.0,62.3,2,1
ENT-00807,Loja,211.5,1.459,17.9,2,9,0.0,camion pesado,,33.7,0,0
ENT-02826,Saraguro,264.8,0.944,45.2,9,10,0.2,camion liviano,,30.8,0,0
ENT-01989,Saraguro,262.5,1.703,3.2,2,16,2.3,camion liviano,75.0,45.0,2,1
ENT-02551,Zamora,330.0,1.044,42.2,2,6,1.3,camion liviano,22.0,37.3,2,1
ENT-01536,Catamayo,242.2,0.794,43.8,1,6,1.8,camioneta,62.0,37.5,0,0
ENT-02093,Loja,368.0,1.982,67.1,7,9,0.1,camioneta,7.0,56.4,1,1
ENT-02340,Macara,95.5,0.453,37.5,5,13,0.4,camion pesado,15.0,38.0,2,1
ENT-02391,Cariamanga,221.3,0.729,10.9,4,11,0.2,camioneta,35.0,50.3,0,0
ENT-00149,Machala,447.5,1.783,26.9,2,10,0.3,camion liviano,46.0,65.2,0,0
ENT-01860,Catamayo,417.2,1.433,30.3,4,12,1.2,camion liviano,,42.7,0,1
ENT-02096,Cariamanga,678.2,3.001,27.8,4,10,,camion liviano,31.0,75.9,0,0
ENT-02163,MACARA,367.1,1.304,37.8,3,11,1.0,camion liviano,,74.9,1,1
ENT-01316,Cariamanga,251.5,0.839,19.3,7,11,2.3,camion liviano,33.0,96.7,3,1
ENT-00693,Loja,128.3,0.653,22.0,7,15,0.0,camion pesado,16.0,70.9,2,1
ENT-00819,Catamayo,166.1,0.718,32.5,7,9,,camioneta,18.0,48.1,2,1
ENT-01729,Loja,279.1,1.847,80.6,3,14,4.3,camion liviano,18.0,27.9,0,0
ENT-01387,Loja,70.3,0.293,37.4,6,9,1.1,camioneta,,79.5,0,0
ENT-02329,Macara,57.3,0.2,22.2,4,7,2.2,camion liviano,85.0,73.3,0,0
ENT-02099,Catamayo,371.6,1.476,99.9,11,14,0.0,camioneta,75.0,63.5,0,0
ENT-01600,Cariamanga,379.3,2.087,38.9,1,8,0.0,camion liviano,34.0,28.1,0,0
ENT-02409,Loja,414.4,1.396,260.0,1,8,5.4,camioneta,,68.2,4,1
ENT-02506,Cariamanga,238.1,0.88,29.0,1,5,7.9,camioneta,58.0,65.4,0,0
ENT-00702,Cariamanga,416.4,1.403,73.9,5,10,3.3,camioneta,93.0,58.5,0,0
ENT-01968,Cariamanga,52.0,0.292,48.8,9,10,5.0,camion liviano,,49.0,1,1
ENT-02711,Zamora,53.6,0.274,59.4,10,4,0.8,camion liviano,,62.0,3,1
ENT-00922,Saraguro,229.9,1.202,5.3,3,9,6.3,camioneta,33.0,46.0,0,0
ENT-01425,MACARA,487.0,1.592,75.5,5,7,0.0,camion liviano,,46.5,1,1
ENT-01709,loja,850.3,3.298,23.6,2,11,4.9,camioneta,,60.7,0,0
ENT-00906,loja,59.7,0.273,72.9,2,13,,camion pesado,52.0,37.4,1,1
ENT-00455,Machala,152.7,0.501,16.4,1,7,0.4,camioneta,31.0,63.7,3,1
ENT-02697,Saraguro,71.3,0.246,78.3,11,6,0.6,camion liviano,,56.3,2,1
ENT-02139,loja,558.1,1.889,36.4,5,13,0.7,camion pesado,7.0,51.4,1,1
ENT-02352,Zamora,293.5,0.932,91.7,6,9,3.8,camioneta,,29.2,0,0
ENT-02109,Macara,292.0,0.983,7.8,2,8,,camioneta,,31.6,1,1
ENT-00168,Cariamanga,558.1,2.535,91.1,2,11,0.8,camion liviano,22.0,58.6,1,1
ENT-00731,Machala,246.7,1.494,45.2,9,8,0.7,camioneta,17.0,35.3,1,1
ENT-02204,Loja ,148.3,0.471,38.5,2,5,3.6,camion liviano,26.0,44.7,0,0
ENT-01311,Cariamanga,346.5,1.09,31.3,1,5,0.8,camion pesado,14.0,18.3,0,0
ENT-00027,LOJA,280.8,0.927,23.3,2,7,0.2,camioneta,24.0,20.8,2,1
ENT-02025,Catamayo,178.8,0.716,74.7,3,9,7.1,camioneta,37.0,51.8,0,0
ENT-01653,Loja,252.1,1.782,64.2,1,11,1.2,camioneta,21.0,90.0,1,1
ENT-01623,Cariamanga,541.4,2.386,32.4,10,7,5.3,camioneta,34.0,71.9,1,1
ENT-00588,Loja,58.4,0.281,71.6,11,9,0.7,camion pesado,,83.6,0,0
ENT-01402,Saraguro,972.3,3.261,115.5,4,8,0.0,camioneta,,71.4,1,1
ENT-00998,Saraguro,13.7,0.08,30.3,1,6,6.7,camioneta,90.0,37.1,0,0
ENT-01177,Cariamanga,245.2,0.78,28.8,14,7,0.6,camion liviano,60.0,78.6,2,1
ENT-01701,Saraguro,492.1,1.624,58.8,2,9,0.8,camioneta,56.0,79.6,1,1
ENT-01041,Cariamanga,162.7,0.683,69.5,10,9,,camioneta,59.0,27.1,1,0
ENT-00034,Saraguro,525.0,3.268,29.3,2,9,0.0,camion liviano,28.0,58.6,1,1
ENT-01898,Zamora,62.5,0.209,66.5,1,8,5.3,camion liviano,109.0,43.7,0,0
ENT-02416,machala,561.5,2.228,54.6,7,12,0.0,camion liviano,16.0,59.7,2,1
ENT-01380,Cariamanga,132.1,0.733,17.4,3,13,9.3,camion liviano,61.0,77.5,4,1
ENT-00042,Cariamanga,180.8,0.648,25.6,1,9,9.6,camioneta,23.0,29.9,3,1
ENT-01879,Loja,616.4,4.217,88.7,1,13,1.0,camion liviano,49.0,35.1,0,0
ENT-02235,machala,479.3,2.249,9.2,4,10,0.5,camion pesado,,80.9,1,0
ENT-02660,Zamora,162.3,0.713,89.0,6,9,0.5,camioneta,,84.1,0,1
ENT-02207,Machala,163.3,0.524,35.5,7,6,,camion pesado,55.0,80.2,0,1
ENT-01899,Cariamanga,575.6,2.13,14.8,16,7,1.9,camion liviano,17.0,39.9,0,0
ENT-02044,Saraguro,269.3,0.955,50.8,15,8,0.0,camion liviano,30.0,55.2,2,1
ENT-00610,Cariamanga,413.4,1.765,72.3,7,8,1.8,camioneta,17.0,47.5,0,0
ENT-01133,Zamora,95.0,0.465,30.8,1,12,0.0,camioneta,3.0,47.2,0,0
ENT-00029,loja,102.7,0.564,27.2,5,10,2.5,camion liviano,,33.2,0,0
ENT-00442,Zamora,312.9,1.68,31.3,4,11,0.0,camion liviano,,54.6,2,1
ENT-02411,Machala,95.1,0.42,14.5,4,11,4.6,camioneta,,23.9,2,1
ENT-02728,LOJA,285.0,0.951,22.5,4,9,0.0,camion liviano,45.0,97.7,1,1
ENT-00494,Macara,156.8,0.756,29.3,1,11,5.6,camion pesado,29.0,50.8,1,1
ENT-01259,Cariamanga,636.2,4.476,32.0,8,7,,camion liviano,33.0,44.6,4,1
ENT-01302,Saraguro,215.8,1.363,42.4,8,8,0.0,camioneta,134.0,81.7,0,0
ENT-02592,Zamora,429.8,1.441,35.6,3,12,1.8,camion liviano,12.0,52.8,4,1
ENT-02413,Saraguro,412.4,2.511,72.2,2,7,0.2,camion pesado,72.0,4.0,0,0
ENT-01383,loja,132.2,0.644,31.0,5,4,1.8,camioneta,52.0,40.0,0,0
ENT-01305,Macara,206.7,0.84,8.0,3,16,4.5,camioneta,,59.4,0,0
ENT-00237,Machala,616.9,2.061,16.6,5,9,0.9,camion pesado,38.0,73.1,0,0
ENT-00552,Loja,579.6,2.586,77.8,3,8,0.5,camioneta,20.0,55.4,0,0
ENT-00521,Macara,390.1,2.37,8.5,3,12,0.0,camioneta,62.0,33.7,0,0
ENT-02263,Macara,29.3,0.117,14.7,1,7,1.5,camion liviano,24.0,79.5,0,0
ENT-01233,MACARA,48.8,0.18,47.2,15,10,1.3,camion liviano,52.0,65.7,1,1
ENT-01139,machala,209.9,0.749,13.0,6,13,0.2,camion pesado,39.0,26.3,0,1
ENT-00721,Zamora,110.7,0.542,12.0,7,9,0.5,camioneta,34.0,46.7,0,1
ENT-00736,Macara,604.4,3.68,25.1,6,6,0.0,camioneta,62.0,80.2,0,0
ENT-02708,Machala,229.1,0.898,56.2,2,5,3.2,camioneta,73.0,53.0,0,0
ENT-01751,Saraguro,429.6,2.54,33.2,5,8,,camion pesado,49.0,39.8,0,1
ENT-00059,Zamora,473.7,2.187,3.3,10,8,5.1,camion pesado,81.0,82.7,0,1
ENT-00632,Loja,235.3,0.882,39.8,8,8,0.2,camioneta,,52.1,2,1
ENT-01182,Cariamanga,340.1,1.521,17.6,7,9,1.5,camion pesado,,78.2,1,1
ENT-02249,Machala,228.3,0.804,62.0,1,8,0.0,camioneta,,73.7,2,1
ENT-00593,Saraguro,534.9,3.726,28.3,4,11,0.6,camion liviano,44.0,53.1,0,0
ENT-01304,Zamora,243.2,1.06,15.4,10,5,4.5,camion liviano,,62.5,0,0
ENT-01388,Cariamanga,493.2,1.942,16.1,2,8,2.8,camioneta,39.0,23.1,0,0
ENT-02670,Machala,211.1,1.229,46.6,3,10,4.0,camioneta,173.0,54.1,1,0
ENT-02685,Saraguro,199.3,1.246,13.0,2,4,0.6,camioneta,66.0,53.7,0,0
ENT-01934,Loja,349.7,1.286,13.1,2,11,0.1,camioneta,,56.0,3,1
ENT-02275,Zamora,122.9,0.535,44.6,6,8,0.0,camion liviano,,59.9,0,0
ENT-00940,Cariamanga,545.6,2.63,114.8,5,11,1.8,camion liviano,12.0,55.1,2,1
ENT-02846,Saraguro,688.6,4.501,35.0,7,11,0.1,camion liviano,30.0,34.1,0,0
ENT-01250,Catamayo,158.2,0.505,20.8,3,9,,camioneta,23.0,30.7,0,0
ENT-00905,Machala,267.6,1.648,36.5,6,10,1.3,camioneta,33.0,24.6,0,0
ENT-02597,Catamayo,262.5,1.364,36.6,1,8,0.0,camioneta,48.0,29.3,0,1
ENT-01280,Lója,585.2,3.174,77.2,2,7,0.0,camioneta,69.0,84.6,1,1
ENT-02987,Catamayo,129.3,0.602,13.0,1,8,0.0,camion liviano,44.0,21.6,1,0
ENT-02937,Zamora,147.9,0.513,13.4,1,8,0.5,camioneta,24.0,8.9,0,0
ENT-02172,Catamayo,344.7,1.593,39.7,13,11,,camioneta,64.0,39.2,5,1
ENT-02459,Catamayo,149.2,0.612,41.7,2,5,0.3,camion liviano,37.0,61.4,0,0
ENT-02514,Cariamanga,255.6,0.881,61.6,3,4,0.0,camion pesado,46.0,56.9,2,1
ENT-01143,Loja,389.3,1.61,73.9,5,9,4.5,camion liviano,63.0,50.1,4,1
ENT-02429,Machala,382.4,1.436,116.7,2,5,0.0,camion pesado,45.0,37.4,3,1
ENT-00707,Saraguro,499.8,2.665,26.7,6,13,2.7,camion liviano,83.0,30.5,2,1
ENT-02957,Cariamanga,413.2,1.921,46.3,3,11,0.3,camion pesado,,34.9,0,0
ENT-01023,Machala,141.2,0.468,22.4,8,14,0.0,camion pesado,,56.3,0,0
ENT-00746,Zamora,254.5,1.003,42.0,8,9,0.0,camion liviano,27.0,23.2,0,0
ENT-01547,loja,341.7,1.429,6.4,5,7,0.0,camioneta,,48.7,0,0
ENT-02405,Loja ,242.2,0.805,51.6,1,13,1.6,camion liviano,18.0,27.1,2,1
ENT-02945,Cariamanga,391.5,1.306,22.2,16,8,2.3,camioneta,63.0,82.6,1,1
ENT-00514,Loja,223.0,1.54,51.5,6,12,0.0,camioneta,51.0,43.0,0,0
ENT-00082,Zamora,422.3,1.989,9.1,4,13,1.1,camioneta,,92.7,0,0
ENT-02716,Loja ,184.8,0.853,59.3,3,8,0.0,camioneta,31.0,79.3,0,0
ENT-01309,Loja,564.5,2.437,55.3,2,8,0.9,camioneta,176.0,72.1,0,1
ENT-02546,Loja,336.6,1.524,28.5,3,5,0.2,camion liviano,43.0,87.0,0,0
ENT-00915,Zamora,247.5,1.486,53.2,4,7,0.0,camion liviano,68.0,85.5,2,1
ENT-01405,Zamora,253.9,1.168,13.3,1,9,1.9,camion liviano,139.0,77.2,0,0
ENT-01648,Cariamanga,294.1,1.51,60.3,6,11,1.9,camioneta,31.0,64.2,2,1
ENT-02816,Machala,349.3,1.85,50.8,4,13,0.0,camion liviano,,58.6,0,0
ENT-01109,Machala,94.5,0.451,70.9,5,12,4.2,camion liviano,50.0,83.8,1,1
ENT-00151,Zamora,309.3,1.242,69.1,5,5,0.0,camioneta,98.0,53.2,0,1
ENT-02782,Machala,22.9,0.139,107.5,1,10,1.1,camioneta,5.0,56.6,0,0
ENT-00775,Loja,73.7,0.263,55.8,2,5,,camion liviano,,64.3,0,0
ENT-00330,Macara,345.3,1.722,77.6,8,11,0.0,camioneta,30.0,43.0,0,1
ENT-00007,Machala,297.9,1.073,42.7,2,4,0.9,camion liviano,52.0,75.7,2,1
ENT-00944,Zamora,667.7,2.885,40.1,5,9,1.6,camion liviano,105.0,41.3,0,0
ENT-00823,Cariamanga,507.5,2.092,24.4,7,7,2.8,camion liviano,71.0,15.8,0,0
ENT-00735,Catamayo,178.0,0.836,21.2,3,7,1.9,camioneta,49.0,35.7,0,1
ENT-00910,Machala,543.0,3.208,40.4,3,11,0.5,camioneta,51.0,67.2,3,1
ENT-00469,Machala,199.3,0.774,64.3,1,10,4.3,camioneta,44.0,37.2,4,1
ENT-00182,Lója,192.9,0.682,11.3,4,13,0.0,camion liviano,7.0,32.0,0,0
ENT-00165,Catamayo,123.0,0.727,147.1,1,9,2.2,camion pesado,61.0,47.8,1,1
ENT-01524,Saraguro,54.4,0.304,73.8,4,10,0.9,camion pesado,26.0,77.0,1,1
ENT-00452,Loja,158.9,0.52,78.6,11,4,3.5,camioneta,55.0,58.0,2,1
ENT-02308,Machala,209.3,0.796,75.2,4,8,1.0,camion pesado,62.0,62.1,4,1
ENT-00491,Loja,669.3,2.516,39.4,12,10,1.4,camioneta,,37.6,0,0
ENT-00814,Saraguro,46.3,0.255,28.4,4,9,1.7,camioneta,,27.6,2,1
ENT-01144,Zamora,177.7,0.567,70.2,3,10,5.0,camioneta,42.0,88.4,4,1
ENT-01312,Zamora,233.1,1.06,9.9,10,8,0.7,camion liviano,,37.5,0,0
ENT-02289,Catamayo,233.2,1.512,33.7,7,7,0.2,camion liviano,51.0,35.9,0,1
ENT-01112,Catamayo,259.2,0.961,11.0,5,6,0.1,camioneta,69.0,68.0,1,1
ENT-02912,Machala,295.3,1.156,41.7,1,9,2.3,camion liviano,,36.2,0,1
ENT-01827,Machala,82.0,0.265,6.7,3,4,2.9,camion liviano,98.0,26.9,1,1
ENT-01442,Macara,240.8,0.856,15.7,11,5,0.2,camion pesado,74.0,13.2,2,1
ENT-01981,Machala,284.7,1.35,91.4,8,6,0.0,camion liviano,45.0,92.4,2,1
ENT-01007,Macara,362.3,1.371,31.2,3,10,2.1,camion liviano,19.0,48.3,5,1
ENT-01628,Catamayo,125.4,0.716,22.5,2,8,0.0,camion liviano,14.0,14.5,0,0
ENT-01633,Saraguro,468.0,1.871,5.5,8,6,2.3,camion liviano,,60.0,2,1
ENT-01075,Macara,128.4,0.408,33.5,8,10,8.3,camion liviano,,37.3,3,1
ENT-00579,Catamayo,46.2,0.17,82.1,9,12,2.1,camion liviano,33.0,26.3,0,0
ENT-02724,Loja,341.4,1.164,33.7,1,9,0.5,camion pesado,64.0,51.2,1,1
ENT-02393,Saraguro,404.9,1.437,46.1,10,9,7.0,camion pesado,63.0,74.1,2,1
ENT-02311,Zamora,408.0,1.616,67.0,6,7,2.3,camioneta,65.0,48.4,1,1
ENT-02350,Zamora,77.8,0.503,36.1,4,11,0.9,camion liviano,35.0,40.5,0,0
ENT-00328,Macara,478.6,1.787,11.6,6,12,1.6,camion liviano,22.0,42.5,0,0
ENT-01791,Catamayo,182.1,0.907,28.2,6,7,0.6,camion liviano,43.0,28.3,2,1
ENT-00443,Zamora,216.9,0.722,7.7,1,9,0.4,camioneta,66.0,89.6,1,0
ENT-01859,Loja,84.0,0.274,32.8,1,7,1.4,camioneta,33.0,78.6,0,0
ENT-02216,Saraguro,251.3,1.218,36.7,9,13,2.1,camion pesado,88.0,55.2,0,1
ENT-00313,Zamora,268.2,1.435,97.8,8,8,5.2,camioneta,22.0,90.3,4,1
ENT-00833,Machala,335.9,1.051,42.8,2,11,0.0,camion liviano,52.0,77.2,1,1
ENT-02422,Macara,539.3,2.446,123.4,14,7,,camioneta,12.0,62.8,2,1
ENT-02149,Cariamanga,268.4,1.022,17.8,5,15,1.6,camion liviano,84.0,40.8,3,1
ENT-01415,Saraguro,241.2,0.761,67.5,8,9,1.8,camion pesado,74.0,84.3,1,1
ENT-01202,Zamora,211.2,0.898,6.3,4,4,0.8,camioneta,21.0,21.8,3,1
ENT-02665,Macara,59.7,0.368,31.2,3,7,3.9,camion liviano,,79.1,0,1
ENT-01500,Loja,99.6,0.376,67.4,3,9,0.6,camion pesado,39.0,84.5,3,1
ENT-01979,Machala,404.0,1.742,12.0,3,13,5.7,camioneta,2.0,74.8,0,0
ENT-00087,MACARA,362.8,1.432,95.1,5,10,,camioneta,42.0,39.7,2,1
ENT-01404,Catamayo,174.4,0.555,14.6,4,4,1.2,camioneta,,40.0,3,1
ENT-02984,MACARA,146.0,0.555,59.4,6,8,0.0,camioneta,82.0,64.9,2,1
ENT-02371,Macara,258.0,0.807,13.7,10,9,0.6,camion liviano,44.0,26.5,0,0
ENT-01482,Zamora,450.7,1.526,56.3,9,10,,camioneta,27.0,39.8,1,0
ENT-00778,Catamayo,280.8,0.911,64.0,4,9,,camioneta,93.0,41.6,0,0
ENT-00800,Machala,125.0,0.552,11.8,2,14,9.2,camioneta,24.0,38.5,0,0
ENT-01667,Saraguro,598.7,3.905,39.9,5,9,1.7,camion liviano,52.0,87.7,0,1
ENT-01895,MACARA,103.0,0.33,58.4,2,13,4.6,camioneta,,30.4,0,0
ENT-00055,Saraguro,434.1,2.01,25.7,8,7,0.4,camion pesado,56.0,81.9,1,0
ENT-02410,Macara,408.5,2.229,6.7,6,11,0.0,camion liviano,28.0,23.6,0,0
ENT-01288,Catamayo,338.1,2.349,43.3,12,5,1.4,camioneta,87.0,52.0,0,0
ENT-01921,Macara,633.2,2.649,57.9,6,7,1.0,camioneta,31.0,42.1,1,0
ENT-01668,Zamora,247.8,1.162,27.5,6,12,1.3,camioneta,,39.8,0,0
ENT-02640,Macara,587.9,3.779,40.8,7,8,0.3,camioneta,58.0,70.0,0,1
ENT-02784,Saraguro,142.6,0.854,36.7,3,9,0.1,camion liviano,49.0,54.8,0,0
ENT-01702,Loja,356.9,2.137,22.7,5,8,12.8,camion liviano,19.0,36.5,0,0
ENT-01246,Loja,129.5,0.417,42.1,2,11,1.2,camion liviano,12.0,43.3,0,0
ENT-00114,Zamora,111.5,0.477,52.2,7,13,0.6,camioneta,30.0,98.2,0,0
ENT-02864,Catamayo,524.5,3.078,67.0,4,8,0.1,camion pesado,53.0,71.1,3,1
ENT-00988,Catamayo,867.3,4.152,32.9,3,7,0.3,camion pesado,59.0,52.9,1,0
ENT-00502,Lója,670.7,3.401,31.8,4,6,0.5,camioneta,26.0,71.8,4,1
ENT-02666,Cariamanga,429.3,2.969,32.4,6,10,,camioneta,26.0,64.0,0,1
ENT-01010,Macara,296.7,1.098,16.4,2,10,0.0,camioneta,47.0,62.8,2,1
ENT-01199,Saraguro,384.9,2.082,91.9,2,8,4.6,camioneta,,69.6,3,1
ENT-01395,Loja,488.2,2.678,63.9,3,11,2.1,camioneta,,50.9,2,1
ENT-00590,Zamora,185.1,0.692,77.9,19,5,0.0,camion liviano,59.0,23.6,2,1
ENT-00769,Macara,542.8,2.369,94.4,7,11,6.1,camioneta,16.0,59.4,1,1
ENT-00018,LOJA,288.7,0.999,31.9,4,9,3.1,camion pesado,,47.8,0,0
ENT-01043,Cariamanga,186.6,0.853,26.0,13,11,0.0,camioneta,,65.9,0,0
ENT-01448,machala,227.5,1.545,29.8,4,9,0.5,camioneta,28.0,53.0,0,0
ENT-02506,Cariamanga,238.1,0.88,29.0,1,5,7.9,camioneta,58.0,65.4,0,0
ENT-00286,Saraguro,410.7,1.343,75.8,2,14,0.0,camioneta,174.0,40.1,0,0
ENT-02693,Machala,335.0,1.223,114.3,5,5,0.1,camioneta,,10.8,3,1
ENT-00429,Machala,261.0,1.122,89.5,3,9,1.5,camioneta,42.0,42.8,0,1
ENT-01329,Machala,205.0,0.917,33.1,3,7,,camioneta,9.0,42.2,2,1
ENT-02041,Macara,278.4,1.404,17.8,7,5,5.2,camioneta,5.0,87.6,0,1
ENT-00670,Zamora,120.9,0.391,31.0,9,12,,camion liviano,38.0,68.0,0,0
ENT-00032,Saraguro,278.8,1.199,59.6,7,5,,camioneta,17.0,83.5,1,1
ENT-01342,Zamora,276.9,1.023,68.3,3,10,0.8,camion liviano,,60.9,3,1
ENT-00723,Loja ,484.7,1.543,11.9,2,7,0.0,camion liviano,28.0,81.0,0,0
ENT-00952,Machala,753.0,2.887,25.9,6,7,0.0,camioneta,62.0,57.5,0,0
ENT-01915,Catamayo,193.1,0.72,55.1,3,6,1.0,camioneta,,42.0,3,1
ENT-02341,Macara,255.8,1.527,23.0,2,12,0.0,camioneta,,36.8,0,0
ENT-00215,Macara,267.4,1.038,14.5,9,10,2.7,camion pesado,26.0,31.8,2,1
ENT-00990,Zamora,101.0,0.651,115.9,1,5,7.3,camion liviano,,84.0,0,0
ENT-01165,Catamayo,229.5,1.093,8.4,18,13,4.5,camioneta,106.0,50.5,0,0
ENT-02850,MACARA,360.7,1.217,28.9,2,5,2.3,camion pesado,34.0,46.8,0,0
ENT-02074,Catamayo,229.2,0.717,15.5,12,4,0.7,camioneta,52.0,73.4,0,0
ENT-00327,Loja,160.9,0.54,48.5,15,6,0.6,camioneta,42.0,45.4,1,1
ENT-00561,Catamayo,370.2,1.601,135.3,6,8,0.0,camioneta,,57.7,0,0
ENT-01384,Catamayo,220.0,1.036,43.9,1,8,1.7,camioneta,55.0,73.3,0,0
ENT-01725,Machala,273.9,1.583,55.2,3,10,1.8,camion liviano,50.0,30.9,0,0
ENT-01087,Loja,722.6,4.232,21.8,2,8,,camion liviano,116.0,76.1,1,1
ENT-02379,Cariamanga,176.0,0.59,32.9,6,8,1.0,camion pesado,28.0,28.0,0,1
ENT-00342,Catamayo,941.6,3.804,74.8,3,7,0.1,camioneta,38.0,48.4,0,0
ENT-01654,Zamora,570.7,3.988,38.6,2,8,1.0,camion liviano,23.0,39.5,2,1
ENT-00148,Cariamanga,304.3,1.68,119.0,3,9,0.0,camioneta,61.0,29.1,0,0
ENT-02489,Zamora,183.7,1.289,79.6,6,12,0.0,camion liviano,,41.8,2,1
ENT-02461,Catamayo,80.0,0.421,36.7,5,11,0.0,camion pesado,76.0,55.3,0,0
ENT-01108,Loja,243.8,0.883,31.4,3,8,0.8,camioneta,18.0,78.5,0,0
ENT-00849,Zamora,327.8,1.333,24.4,9,11,2.8,camioneta,,94.9,0,1
ENT-00967,Macara,411.1,2.545,84.1,1,9,3.2,camioneta,63.0,61.8,0,0
ENT-01073,Saraguro,368.1,2.284,30.0,8,10,0.0,camioneta,7.0,44.3,0,0
ENT-02513,Zamora,275.8,0.882,12.8,3,10,0.9,camioneta,,17.1,0,0
ENT-01906,Saraguro,417.3,1.78,57.6,5,7,5.0,camioneta,,36.7,0,1
ENT-00156,Cariamanga,520.2,3.317,21.5,1,9,,camion liviano,53.0,12.5,1,1
ENT-00666,Zamora,233.6,0.771,39.4,4,12,0.0,camioneta,,47.9,1,1
ENT-00662,Saraguro,228.9,0.777,5.6,6,10,,camioneta,,82.9,0,0
ENT-01003,Zamora,217.0,1.111,42.7,4,12,1.5,camioneta,49.0,54.3,1,0
ENT-02601,Cariamanga,897.4,2.839,57.2,7,11,0.5,camion pesado,,73.7,0,1
ENT-02961,Loja,88.6,0.523,18.0,6,11,0.7,camion pesado,,72.1,4,1
ENT-00177,Cariamanga,41.7,0.269,27.7,8,7,3.8,camion liviano,96.0,57.3,1,1
ENT-02709,Zamora,212.5,0.967,38.2,6,9,1.2,camion liviano,70.0,67.8,5,1
ENT-01880,Loja,202.0,0.785,15.5,1,9,,camioneta,65.0,53.9,0,0
ENT-01525,Saraguro,485.2,3.05,6.2,10,12,0.1,camion liviano,,94.7,0,0
ENT-02875,MACARA,413.9,1.904,33.5,4,10,,camioneta,45.0,54.0,1,0
ENT-01204,Cariamanga,315.6,2.082,34.5,2,12,0.4,camioneta,46.0,62.1,1,1
ENT-01991,Cariamanga,70.0,0.328,37.1,17,15,0.0,camioneta,,60.3,0,1
ENT-00025,Loja,419.3,1.486,15.2,1,8,6.3,camion pesado,12.0,47.7,2,1
ENT-02868,Saraguro,220.1,0.871,47.3,9,10,0.2,camion liviano,106.0,29.8,1,0
ENT-02090,Loja,208.6,0.835,59.3,1,9,0.3,camion liviano,13.0,59.1,3,1
ENT-02122,Loja,85.3,0.33,15.5,4,9,0.0,camioneta,27.0,74.2,0,1
ENT-02347,Loja,384.5,1.205,129.7,5,7,1.8,camioneta,,39.1,0,0
ENT-00876,Cariamanga,189.0,1.02,36.7,6,8,8.3,camion pesado,,38.9,2,1
ENT-02750,Loja ,543.1,2.118,7.2,7,12,0.1,camion pesado,70.0,43.1,1,1
ENT-00939,Loja,306.5,1.257,59.6,15,5,1.0,camion liviano,,76.8,2,1
ENT-01242,Cariamanga,111.5,0.602,22.3,4,10,0.0,camioneta,68.0,61.3,2,1
ENT-01666,Machala,397.8,2.539,33.8,5,11,0.0,camioneta,25.0,8.5,0,1
ENT-00386,Cariamanga,696.8,4.745,64.8,2,12,0.4,camioneta,41.0,46.5,0,0
ENT-02680,Macara,172.6,0.914,23.5,7,7,4.9,camioneta,53.0,49.0,2,1
ENT-02242,Loja,381.8,1.198,26.6,3,7,1.1,camion liviano,81.0,43.5,0,1
ENT-02131,Zamora,75.7,0.256,81.3,5,6,2.8,camion liviano,12.0,37.5,3,1
ENT-00937,Zamora,88.1,0.404,18.7,5,99,1.5,camion liviano,72.0,81.4,2,1
ENT-02634,Cariamanga,440.9,2.17,17.3,2,9,2.3,camion liviano,14.0,64.6,0,0
ENT-02983,Macara,701.2,3.388,20.9,10,8,1.2,camion pesado,19.0,62.8,2,1
ENT-01333,Cariamanga,432.1,2.665,39.0,3,11,2.2,camion liviano,,90.3,5,1
ENT-01935,Saraguro,239.1,1.279,49.9,8,12,9.6,camioneta,,68.9,1,1
ENT-00936,Machala,101.6,0.483,42.9,1,7,0.0,camion liviano,59.0,39.5,0,0
ENT-00567,Lója,156.2,0.492,65.8,3,14,0.0,camion liviano,28.0,54.6,0,1
ENT-01855,Lója,292.5,1.212,82.1,3,10,3.0,camion pesado,,63.6,0,1
ENT-02476,Saraguro,236.7,0.845,36.5,2,10,3.0,camioneta,4.0,94.8,1,1
ENT-01646,Macara,101.8,0.373,90.7,3,11,1.3,camion liviano,,71.7,1,1
ENT-02164,Cariamanga,305.1,1.067,41.1,2,11,0.0,camion liviano,36.0,52.9,2,1
ENT-01793,Cariamanga,568.9,2.193,41.1,6,10,1.5,camion pesado,25.0,56.1,0,0
ENT-01431,Catamayo,279.2,0.919,126.1,2,9,0.5,camion liviano,94.0,71.4,0,0
ENT-00473,Machala,619.3,3.599,89.9,1,13,1.1,camion liviano,109.0,57.7,1,1
ENT-01014,Zamora,164.2,0.651,45.0,5,10,0.7,camioneta,,33.0,0,0
ENT-01929,Saraguro,325.5,1.153,13.3,3,9,3.0,camioneta,,17.4,0,0
ENT-02616,Zamora,181.8,0.893,18.3,4,10,0.0,camion liviano,27.0,72.5,0,0
ENT-00127,Catamayo,299.9,1.912,71.2,9,11,2.2,camion liviano,,60.3,4,1
ENT-01601,Machala,677.7,2.622,31.4,5,9,1.0,camioneta,,67.7,0,0
ENT-01348,Macara,210.9,0.721,23.7,11,8,10.4,camioneta,44.0,42.4,1,1
ENT-00356,loja,365.0,1.368,42.7,6,7,0.5,camioneta,32.0,50.7,0,0
ENT-00828,Saraguro,59.0,0.231,42.5,4,12,2.1,camioneta,,51.1,0,0
ENT-01640,Zamora,464.6,2.978,32.1,7,14,1.8,camion liviano,49.0,83.9,0,0
ENT-00985,Zamora,132.1,0.557,13.4,13,6,1.1,camioneta,74.0,80.8,0,0
ENT-00363,Machala,126.0,0.44,72.8,8,7,0.0,camioneta,72.0,24.2,1,1
ENT-00346,Loja,355.5,1.228,16.8,5,9,1.2,camioneta,,74.8,0,1
ENT-02103,Macara,349.3,1.307,13.1,3,12,1.4,camion pesado,,93.2,0,0
ENT-02595,Machala,65.0,0.324,23.2,3,7,0.0,camion pesado,22.0,35.4,1,1
ENT-00712,Machala,423.3,2.872,25.2,5,8,2.7,camion pesado,29.0,19.1,0,1
ENT-02447,Zamora,306.1,1.52,42.0,4,10,0.5,camioneta,53.0,64.3,0,1
ENT-00011,Saraguro,110.4,0.349,4.5,7,9,0.0,camioneta,13.0,87.7,1,1
ENT-02465,Machala,77.2,0.341,22.6,7,6,1.4,camion liviano,98.0,42.6,1,0
ENT-01835,Cariamanga,94.8,0.584,96.8,5,7,1.1,camion liviano,8.0,49.6,3,1
ENT-00794,Lója,655.1,2.8,112.5,5,6,0.0,camion liviano,25.0,48.5,2,1
ENT-02821,Macara,247.4,1.009,36.6,6,10,0.8,camion liviano,42.0,50.8,1,0
ENT-00095,Macara,169.1,0.893,55.3,8,10,2.2,camion liviano,18.0,17.5,1,1
ENT-00130,Catamayo,179.7,0.77,46.9,3,10,,camion pesado,,22.2,1,1
ENT-02286,LOJA,237.9,0.849,14.6,3,9,3.1,camioneta,21.0,58.4,3,1
ENT-02963,Zamora,49.3,0.322,14.8,5,9,2.2,camion liviano,,54.4,4,1
ENT-01901,Macara,95.7,0.55,52.4,2,12,7.1,camion liviano,21.0,72.1,0,0
ENT-02443,Loja,234.5,0.737,27.1,3,6,3.4,camion liviano,22.0,48.2,0,0
ENT-01933,Loja,407.0,1.63,28.0,1,11,0.0,camion liviano,30.0,28.0,0,0
ENT-02799,Catamayo,165.2,1.077,31.9,3,9,0.1,camion liviano,52.0,66.5,0,0
ENT-01866,Catamayo,111.8,0.476,18.7,9,8,0.1,camioneta,47.0,86.6,0,0
ENT-01659,Catamayo,108.9,0.472,19.6,4,9,0.0,camion liviano,6.0,38.2,0,1
ENT-00517,Loja,184.6,0.954,15.1,8,12,9.2,camioneta,,57.9,4,1
ENT-01858,Loja,125.8,0.81,48.8,9,14,4.2,camioneta,40.0,36.8,3,1
ENT-01278,machala,122.1,0.451,34.0,4,10,0.0,camion liviano,34.0,84.3,2,1
ENT-00951,Zamora,312.8,1.054,24.4,1,9,8.6,camioneta,,57.8,0,0
ENT-01121,Catamayo,112.0,0.369,35.3,2,11,0.0,camion liviano,5.0,82.0,2,1
ENT-00420,Loja,276.8,0.938,37.4,2,13,1.0,camion pesado,22.0,89.8,0,1
ENT-00923,loja,167.7,0.686,6.1,2,8,0.0,camion pesado,73.0,68.4,1,1
ENT-02245,Macara,198.1,0.73,15.3,8,10,4.6,camion pesado,64.0,50.4,0,0
ENT-00478,Saraguro,150.7,0.64,52.0,2,7,0.0,camion pesado,42.0,64.4,0,0
ENT-02036,Catamayo,329.7,2.353,39.3,3,11,1.3,camioneta,64.0,35.9,0,0
ENT-02223,Saraguro,638.4,3.058,9.4,6,7,1.3,camion liviano,,37.9,0,0
ENT-01693,Macara,216.1,1.027,18.6,9,9,2.1,camion liviano,131.0,27.7,0,0
ENT-02258,Loja,483.6,1.697,45.1,8,9,0.0,camion liviano,7.0,69.6,2,1
ENT-01472,Machala,263.2,1.726,73.4,3,11,1.0,camion liviano,24.0,42.2,0,0
ENT-01203,Zamora,348.6,1.191,5.6,3,6,2.6,camion liviano,62.0,85.6,0,0
ENT-01670,Cariamanga,113.5,0.615,71.2,1,11,0.4,camion liviano,66.0,12.8,0,0
ENT-02832,Catamayo,127.6,0.399,173.2,2,4,0.0,camion pesado,110.0,61.0,0,1
ENT-01971,Cariamanga,300.7,2.109,81.7,15,10,3.6,camioneta,7.0,52.9,1,1
ENT-00821,Catamayo,391.2,1.739,20.8,2,7,1.4,camion liviano,107.0,64.1,1,0
ENT-01998,Macara,426.5,1.365,102.6,6,12,0.0,camioneta,62.0,68.6,0,0
ENT-02926,Cariamanga,243.1,1.199,12.0,4,8,0.0,camioneta,57.0,80.9,0,0
ENT-01249,Loja,316.4,1.839,33.7,5,10,0.3,camioneta,34.0,77.8,0,0
ENT-02715,Saraguro,68.7,0.299,63.6,5,12,3.7,camioneta,23.0,70.5,0,1
ENT-02668,Saraguro,424.2,1.891,37.1,8,12,0.4,camion pesado,32.0,37.4,4,1
ENT-01047,loja,276.9,1.371,131.4,6,8,2.6,camioneta,,45.4,0,1
ENT-01889,Loja,87.6,0.372,64.9,6,5,0.3,camion liviano,10.0,67.8,1,1
ENT-00616,Zamora,140.4,0.541,20.6,1,11,1.5,camion liviano,36.0,54.9,0,0
ENT-01319,Macara,69.2,0.482,78.6,1,9,0.7,camion pesado,62.0,46.2,0,0
ENT-02942,Catamayo,227.8,1.476,31.1,8,8,0.6,camion liviano,29.0,70.6,0,0
ENT-02137,Cariamanga,75.2,0.268,18.4,3,13,3.2,camioneta,42.0,30.1,0,0
ENT-02509,Zamora,359.4,1.81,76.9,4,10,2.8,camioneta,8.0,63.3,0,1
ENT-01773,Cariamanga,74.4,0.463,33.4,1,12,0.1,camion liviano,48.0,61.2,0,0
ENT-02580,Loja,153.4,0.63,50.2,4,13,0.5,camion liviano,41.0,90.0,1,0
ENT-00132,Macara,42.5,0.139,17.6,2,9,2.0,camion liviano,41.0,84.1,0,0
ENT-00078,Cariamanga,657.0,4.244,32.9,1,10,0.2,camioneta,74.0,45.7,3,1
ENT-02053,Catamayo,780.8,3.48,40.1,5,8,0.5,camion pesado,23.0,88.9,0,1
ENT-00725,LOJA,89.7,0.584,34.2,1,7,0.4,camion liviano,20.0,44.1,0,1
ENT-01315,Lója,221.5,1.083,20.7,3,12,4.5,camioneta,42.0,50.3,0,0
ENT-01852,Loja,131.6,0.806,56.5,7,7,0.0,camion pesado,65.0,79.7,1,1
ENT-02975,Catamayo,394.3,1.937,24.9,4,13,0.6,camioneta,23.0,26.9,0,0
ENT-02537,Catamayo,250.5,1.358,46.4,2,8,,camioneta,94.0,67.0,3,1
ENT-01373,LOJA,654.2,3.296,37.4,7,8,3.7,camion liviano,,43.0,3,1
ENT-01856,Lója,663.3,2.115,5.8,14,8,7.5,camioneta,47.0,38.2,1,1
ENT-01320,Catamayo,163.4,0.564,12.9,3,10,2.0,camioneta,34.0,61.2,0,0
ENT-02932,Cariamanga,249.7,0.889,33.9,7,5,0.0,camion liviano,48.0,22.6,2,1
ENT-02217,Zamora,234.4,0.872,24.1,10,4,2.6,camioneta,29.0,29.1,0,0
ENT-00376,Machala,540.4,2.225,62.1,3,14,1.8,camioneta,11.0,89.3,2,1
ENT-01909,Zamora,421.5,1.418,79.5,2,7,0.2,camioneta,35.0,52.2,0,0
ENT-00334,Catamayo,113.5,0.411,79.3,4,15,0.0,camion liviano,,22.0,0,0
ENT-02299,Catamayo,140.7,0.665,75.3,11,6,2.9,camioneta,49.0,51.0,3,1
ENT-02349,Cariamanga,692.0,3.273,22.4,5,5,4.3,camion pesado,69.0,37.1,0,0
ENT-01605,Saraguro,164.6,0.667,23.1,11,11,,camion pesado,52.0,36.7,1,1
ENT-01119,Catamayo,78.1,0.334,66.4,6,10,1.9,camioneta,73.0,77.7,0,1
ENT-02886,Catamayo,148.5,0.719,12.3,8,11,0.0,camion pesado,,63.2,0,1
ENT-01944,Machala,177.1,0.743,132.4,7,12,0.0,camion liviano,19.0,65.8,1,1
ENT-02309,Machala,846.5,4.425,22.5,3,7,0.3,camioneta,,31.9,0,0
ENT-02574,Saraguro,102.8,0.546,17.1,6,11,4.6,camioneta,,38.7,0,0
ENT-01343,Saraguro,153.6,0.778,40.4,22,9,3.6,camioneta,27.0,64.0,3,1
ENT-00321,Machala,610.5,2.443,19.5,2,6,2.1,camion liviano,11.0,72.0,2,1
ENT-01620,Zamora,229.5,0.726,107.2,3,9,,camioneta,52.0,59.5,3,1
ENT-02496,Zamora,432.7,1.627,79.2,4,6,1.0,camion liviano,103.0,45.4,0,0
ENT-02061,Catamayo,740.0,4.153,64.2,4,9,0.1,camion liviano,63.0,23.9,2,1
ENT-01674,Catamayo,336.5,1.244,33.3,2,12,0.0,camion liviano,13.0,84.0,1,1
ENT-01943,MACARA,256.9,1.005,30.8,4,12,0.8,camion pesado,31.0,75.2,0,0
ENT-00261,Macara,351.4,2.039,24.2,2,9,1.7,camion liviano,,60.4,0,0
ENT-02402,Catamayo,305.5,1.363,27.7,6,8,5.3,camion liviano,16.0,49.3,0,1
ENT-02040,Cariamanga,153.1,0.608,36.7,9,10,1.2,camion liviano,20.0,90.9,1,1
ENT-00690,Macara,247.7,1.364,40.0,4,9,0.8,camion liviano,,41.9,0,0
ENT-00902,Cariamanga,269.7,1.139,18.2,3,6,0.0,camioneta,20.0,60.9,0,0
ENT-02027,Macara,316.9,1.429,74.8,7,13,1.0,camioneta,47.0,81.9,0,0
ENT-00139,Machala,147.8,0.826,111.8,2,9,0.4,camioneta,,30.3,1,1
ENT-01918,Macara,165.9,0.749,36.5,2,6,7.6,camion liviano,62.0,51.4,1,1
ENT-01829,Loja,96.5,0.551,54.0,3,13,1.3,camioneta,24.0,74.6,0,0
ENT-01574,Zamora,122.7,0.598,7.7,4,16,0.6,camioneta,78.0,24.8,0,0
ENT-00320,Zamora,52.7,0.268,18.9,3,4,0.0,camion pesado,,62.1,1,1
ENT-00654,Loja,191.7,1.14,38.3,5,8,0.9,camioneta,94.0,38.1,1,1
ENT-02138,Macara,156.8,1.109,29.3,6,13,0.0,camion pesado,38.0,68.1,2,1
ENT-02370,Machala,198.5,1.047,9999.0,2,5,0.3,camion liviano,32.0,31.6,2,1
ENT-00559,Machala,34.8,0.193,66.5,3,10,17.4,camioneta,,49.6,3,1
ENT-00113,Saraguro,163.6,0.54,49.7,8,9,3.5,camion pesado,99.0,56.0,0,1
ENT-00532,Loja,306.6,1.223,50.4,6,9,0.7,camion liviano,,31.5,4,1
ENT-00225,Machala,259.6,0.834,39.9,1,6,0.0,camion liviano,,78.1,1,1
ENT-00724,machala,271.8,1.194,12.2,3,12,0.0,camioneta,39.0,42.0,2,1
ENT-02477,Catamayo,311.5,1.26,56.6,4,5,1.9,camioneta,18.0,50.1,0,0
ENT-02624,Saraguro,400.7,2.181,65.3,3,6,1.2,camioneta,77.0,58.6,0,0
ENT-01434,Loja,1625.5,7.896,11.8,7,6,0.0,camioneta,,63.0,2,1
ENT-02377,Macara,510.1,1.816,65.7,6,4,11.7,camioneta,95.0,42.3,0,1
ENT-01459,Macara,128.2,0.473,28.9,10,16,0.0,camion liviano,68.0,55.0,0,0
ENT-02757,Machala,124.6,0.405,63.0,4,7,6.6,camion liviano,49.0,32.0,1,1
ENT-00847,Lója,206.8,0.704,30.3,6,9,1.4,camion liviano,71.0,48.7,0,0
ENT-00194,Macara,385.8,1.48,53.4,4,10,1.0,camion liviano,32.0,32.9,2,1
ENT-01465,Saraguro,368.5,1.544,111.9,6,11,3.1,camioneta,14.0,60.8,4,1
ENT-00947,Machala,508.6,1.997,18.3,3,9,0.0,camion pesado,,21.1,3,1
ENT-02022,Machala,323.0,1.321,33.7,9,8,3.3,camion liviano,,77.2,0,0
ENT-01630,Cariamanga,341.7,1.488,100.1,11,9,0.0,camioneta,58.0,58.7,0,1
ENT-00118,Macara,417.7,1.499,2.1,8,14,0.0,camioneta,,56.0,0,1
ENT-00646,Saraguro,395.7,2.401,27.3,5,9,3.4,camioneta,77.0,57.8,0,0
ENT-01871,Loja,315.9,1.278,30.3,6,12,,camioneta,62.0,49.0,0,0
ENT-00004,Zamora,467.5,1.688,7.6,2,6,3.4,camion liviano,26.0,49.8,0,0
ENT-00075,Catamayo,347.3,1.606,97.4,6,7,0.2,camioneta,85.0,48.4,1,1
ENT-01756,Macara,351.7,1.384,44.0,3,9,5.3,camioneta,65.0,93.2,0,0
ENT-00468,Catamayo,157.6,0.593,53.7,4,8,5.6,camioneta,,44.2,0,0
ENT-00006,Cariamanga,451.9,1.565,16.4,2,9,0.1,camioneta,140.0,33.7,0,0
ENT-01247,MACARA,361.9,2.154,37.6,1,8,0.0,camion pesado,76.0,84.5,1,1
ENT-00920,Loja,339.5,1.723,72.5,8,10,4.0,camioneta,,64.6,0,0
ENT-00229,Loja,422.5,1.608,35.0,2,9,0.7,camioneta,6.0,37.7,1,1
ENT-01064,Machala,327.4,1.106,73.8,2,11,0.5,camion liviano,,91.0,0,1
ENT-00243,Saraguro,75.9,0.301,53.4,11,9,0.0,camion liviano,,71.3,0,0
ENT-02539,Zamora,221.0,1.17,3.4,4,9,3.0,camion liviano,42.0,66.3,0,0
ENT-01161,Zamora,439.8,2.316,36.9,4,7,1.1,camioneta,124.0,35.6,1,1
ENT-02725,Zamora,401.0,2.435,64.4,4,14,0.0,camioneta,,48.7,0,0
ENT-01527,Saraguro,123.7,0.518,28.0,1,8,0.2,camion pesado,,46.3,0,0
ENT-01606,Loja ,525.4,2.699,43.9,3,10,0.3,camioneta,,41.1,0,0
ENT-02842,Catamayo,395.0,1.442,22.2,6,11,3.1,camioneta,28.0,67.7,2,1
ENT-02375,Saraguro,313.5,2.082,10.8,9,10,12.5,camion liviano,108.0,76.4,5,1
ENT-02598,Loja,753.5,4.658,78.0,2,10,10.7,camioneta,97.0,36.7,1,1
ENT-01990,Machala,110.2,0.485,116.1,10,13,1.9,camion liviano,,54.8,3,1
ENT-02400,Zamora,173.3,1.057,47.0,8,4,0.0,camioneta,,66.9,1,1
ENT-01976,Loja,217.2,1.286,99.8,6,7,0.0,camioneta,,67.7,0,0
ENT-01762,MACARA,210.0,0.786,77.8,7,14,2.0,camioneta,,27.5,0,1
ENT-01306,Macara,46.7,0.189,1.9,3,11,0.0,camion pesado,,19.7,2,1
ENT-01542,Zamora,424.7,1.795,54.7,13,7,5.2,camion pesado,,44.5,0,1
ENT-00623,Cariamanga,168.5,0.548,12.5,6,10,1.4,camioneta,71.0,41.4,0,0
ENT-02361,Zamora,186.9,1.013,48.9,5,8,6.4,camion liviano,26.0,52.5,3,1
ENT-01494,Machala,176.6,0.57,34.9,5,11,0.0,camioneta,15.0,65.5,1,1
ENT-00111,Macara,86.0,0.302,10.4,3,9,3.4,camion liviano,35.0,47.5,0,0
ENT-02657,Machala,562.8,2.48,150.1,13,6,6.9,camion liviano,,68.2,2,1
ENT-01170,Loja,114.7,0.449,31.4,9,11,0.0,camion pesado,,26.1,0,0
ENT-02510,Macara,221.2,0.725,84.4,15,12,2.5,camion liviano,,38.4,2,1
ENT-00233,Zamora,148.9,0.502,33.8,2,6,0.0,camion pesado,55.0,28.3,0,1
ENT-00067,Machala,99.3,0.543,21.9,2,10,0.3,camioneta,,72.2,0,0
ENT-02763,Saraguro,379.9,2.365,56.4,4,12,2.3,camion liviano,,64.3,3,1
ENT-02073,Zamora,308.0,1.19,81.4,18,8,1.0,camioneta,66.0,52.0,2,1
ENT-02193,Catamayo,120.0,0.383,36.3,10,11,0.3,camion liviano,36.0,42.0,1,0
ENT-00537,Saraguro,155.7,0.755,37.4,3,8,1.4,camion liviano,52.0,44.8,0,0
ENT-00126,Machala,414.3,1.361,71.2,2,13,0.1,camion pesado,12.0,70.3,2,1
ENT-02134,MACARA,189.4,0.946,24.4,2,10,1.5,camion pesado,86.0,65.2,0,0
ENT-01255,loja,379.2,1.287,31.1,6,8,6.1,camioneta,49.0,61.5,0,0
ENT-02535,Saraguro,121.0,0.818,23.9,5,10,2.5,camion liviano,52.0,43.7,0,0
ENT-01977,Cariamanga,37.2,0.134,43.3,7,5,4.7,camioneta,38.0,23.9,2,1
ENT-02511,Zamora,462.4,2.806,70.3,6,4,2.9,camioneta,90.0,76.0,4,1
ENT-02374,Machala,337.4,1.087,98.1,5,6,5.0,camion liviano,12.0,16.7,2,1
ENT-02076,Zamora,331.1,1.672,30.2,9,11,2.9,camion liviano,80.0,34.5,2,1
ENT-00485,Catamayo,910.4,2.887,78.1,8,13,0.7,camioneta,,39.3,2,1
ENT-01655,Zamora,277.0,1.821,63.0,4,10,1.5,camioneta,12.0,67.0,0,0
ENT-02731,Zamora,641.4,2.646,35.7,4,4,4.4,camion pesado,38.0,54.8,3,1
ENT-02313,Saraguro,275.8,1.388,33.7,1,11,2.3,camion liviano,90.0,49.3,3,1
ENT-02453,Zamora,615.2,2.142,23.1,3,4,0.3,camioneta,,79.3,0,0
ENT-01775,Catamayo,209.3,0.78,55.0,5,5,0.3,camion pesado,54.0,45.5,0,0
ENT-00919,Cariamanga,61.6,0.431,52.6,4,17,0.0,camioneta,154.0,85.6,2,1
ENT-01647,Cariamanga,305.5,1.13,23.2,6,14,1.7,camioneta,100.0,81.2,1,1
ENT-01027,Saraguro,274.2,1.777,39.8,2,10,3.8,camion liviano,,15.9,1,1
ENT-01031,Machala,161.1,0.576,45.5,5,6,,camion pesado,32.0,51.3,1,1
ENT-00883,Macara,520.0,3.075,77.3,7,10,1.3,camioneta,76.0,44.0,0,1
ENT-01336,Zamora,272.6,0.933,74.1,1,7,4.6,camion pesado,,54.5,2,1
ENT-02853,Zamora,264.6,1.036,29.9,10,9,2.8,camion liviano,,62.1,3,1
ENT-00365,Catamayo,158.9,1.09,100.2,8,10,3.5,camioneta,34.0,12.5,1,1
ENT-02126,Cariamanga,80.7,0.467,31.0,6,12,0.0,camion liviano,,44.9,1,0
ENT-00028,Loja,87.2,0.473,17.1,6,5,1.2,camioneta,101.0,39.9,2,1
ENT-00474,Saraguro,210.6,1.067,61.1,14,15,8.6,camioneta,12.0,84.5,5,1
ENT-00526,Loja,64.0,0.203,30.2,1,8,3.6,camion liviano,54.0,67.0,0,1
ENT-00726,Zamora,414.7,1.358,5.9,3,14,0.0,camioneta,,59.9,0,0
ENT-00056,Catamayo,79.7,0.525,16.5,1,7,0.4,camioneta,32.0,67.2,0,0
ENT-00639,Loja,197.4,1.233,36.1,3,7,0.2,camioneta,80.0,38.1,1,1
ENT-00303,Catamayo,518.9,2.468,12.7,8,8,0.0,camion pesado,6.0,68.1,0,0
ENT-02662,Macara,682.0,3.236,23.6,7,10,4.1,camioneta,24.0,25.1,0,0
ENT-01277,Macara,123.4,0.597,30.9,1,7,1.8,camion liviano,62.0,80.3,1,0
ENT-02690,loja,257.3,1.563,17.5,8,9,1.9,camioneta,18.0,54.0,1,1
ENT-00625,Catamayo,371.9,1.475,80.3,2,8,9.5,camion pesado,71.0,85.0,3,1
ENT-02056,machala,103.2,0.517,57.4,2,7,0.4,camion pesado,,87.2,0,0
ENT-01281,Cariamanga,158.8,0.584,12.0,5,14,1.6,camioneta,59.0,63.3,0,0
ENT-01050,Cariamanga,196.6,0.636,27.0,8,8,2.5,camioneta,65.0,56.7,1,1
ENT-00337,machala,70.0,0.252,92.0,3,8,13.5,camioneta,53.0,39.0,0,1
ENT-00048,Macara,162.9,0.556,54.8,1,6,5.1,camion liviano,44.0,41.9,1,1
ENT-00107,Machala,115.1,0.396,137.5,11,9,0.3,camioneta,55.0,66.4,0,1
ENT-01080,MACARA,517.8,3.193,41.4,1,15,4.5,camioneta,9.0,63.5,0,0
ENT-02262,Macara,46.7,0.294,71.3,8,14,5.6,camioneta,140.0,79.6,0,0
ENT-01145,Saraguro,134.8,0.586,49.3,2,4,0.0,camioneta,64.0,23.9,0,0
ENT-00064,Cariamanga,120.9,0.553,34.0,3,7,0.3,camion liviano,45.0,66.3,0,0
ENT-01837,Macara,645.7,2.331,15.9,3,4,0.0,camion liviano,,59.9,1,0
ENT-01754,Machala,319.4,1.272,20.0,5,6,0.0,camioneta,27.0,27.7,1,1
ENT-01102,Cariamanga,95.3,0.344,62.1,4,7,0.0,camion liviano,35.0,87.3,0,1
ENT-01969,Macara,502.1,2.803,24.1,10,11,1.6,camioneta,29.0,69.4,0,0
ENT-00524,Machala,533.2,2.703,19.0,6,10,2.3,camioneta,14.0,73.4,0,0
ENT-02281,Machala,204.8,0.645,11.3,5,9,0.5,camion liviano,60.0,62.1,0,0
ENT-01429,Machala,331.7,1.28,74.5,1,13,0.0,camioneta,40.0,65.4,0,0
ENT-02930,Lója,198.8,0.637,94.5,3,99,0.0,camioneta,,58.6,2,1
ENT-00604,Saraguro,57.0,0.18,10.1,4,8,1.8,camioneta,145.0,64.4,0,0
ENT-01490,Cariamanga,259.7,0.933,81.2,3,14,0.0,camion pesado,34.0,16.4,1,0
ENT-02399,Macara,264.4,1.683,28.6,6,12,0.4,camioneta,29.0,75.8,3,1
ENT-00061,Machala,264.4,1.524,58.4,3,5,3.0,camioneta,112.0,63.0,0,0
ENT-02805,Catamayo,650.4,3.571,48.7,8,11,0.0,camioneta,,37.4,3,1
ENT-00672,Loja,328.4,1.959,16.3,6,9,9.5,camion pesado,56.0,62.9,3,1
ENT-00093,Saraguro,416.5,2.18,71.0,4,11,0.4,camioneta,98.0,86.2,0,0
ENT-00667,LOJA,284.7,1.169,41.7,1,6,2.5,camion pesado,23.0,38.2,1,1
ENT-01888,Machala,1006.5,6.551,9.9,4,10,0.0,camioneta,,22.5,1,1
ENT-00281,Loja,254.4,1.084,26.8,2,9,2.1,camion liviano,84.0,74.9,0,0
ENT-01720,Loja,58.1,0.315,55.9,1,6,2.0,camion pesado,,32.2,0,0
ENT-00360,Loja,336.3,1.097,13.8,7,12,2.7,camion liviano,,25.7,2,1
ENT-00900,Saraguro,903.4,6.324,55.4,3,13,4.2,camioneta,95.0,81.3,3,1
ENT-01936,Saraguro,311.6,0.994,52.5,4,9,0.0,camion liviano,,49.9,0,0
ENT-01995,Machala,249.4,0.812,48.3,4,6,2.4,camioneta,63.0,70.0,0,0
ENT-02360,Lója,399.0,1.274,32.6,3,10,3.6,camioneta,,48.5,2,1
ENT-00761,Cariamanga,607.3,2.223,21.5,1,11,2.7,camion liviano,49.0,65.9,4,1
ENT-02159,Cariamanga,263.5,1.688,7.1,3,9,6.2,camioneta,11.0,59.9,1,1
ENT-02677,Cariamanga,238.6,1.028,15.7,7,8,0.4,camioneta,14.0,53.1,0,0
ENT-00043,Saraguro,153.9,0.675,63.0,10,10,2.0,camion liviano,66.0,85.9,3,1
ENT-02174,Machala,61.3,0.351,28.1,16,4,0.5,camion liviano,,55.2,0,0
ENT-00205,Saraguro,118.3,0.69,24.3,2,5,2.6,camioneta,,54.2,1,0
ENT-01474,Cariamanga,84.0,0.276,27.2,3,10,2.0,camion liviano,73.0,58.9,1,0
ENT-02101,Saraguro,270.5,0.931,57.0,2,10,0.1,camion pesado,18.0,42.7,1,1
ENT-00069,Cariamanga,674.7,2.391,56.5,8,8,0.0,camioneta,,40.4,0,0
ENT-01876,Catamayo,259.3,0.915,36.9,5,4,0.4,camioneta,8.0,46.6,0,0
ENT-02427,Saraguro,368.3,2.173,23.9,8,9,0.2,camion liviano,30.0,44.9,2,1
ENT-02232,Catamayo,318.6,1.601,100.1,7,10,1.3,camioneta,125.0,36.7,0,0
ENT-00138,Macara,371.6,1.23,8.4,6,14,3.4,camion liviano,25.0,77.7,0,0
ENT-00797,Machala,1104.5,4.325,82.5,4,12,1.0,camioneta,32.0,14.0,0,1
ENT-02181,Saraguro,384.7,1.892,6.1,5,12,2.7,camion pesado,88.0,11.5,1,1
ENT-02129,Machala,237.7,0.787,26.6,1,11,0.0,camioneta,59.0,66.3,0,0
ENT-00759,Macara,166.0,0.864,13.7,3,4,4.7,camioneta,,50.6,0,0
ENT-00542,Machala,225.4,0.941,22.7,3,9,6.4,camion liviano,,30.6,1,1
ENT-01020,Loja,139.7,0.459,32.3,2,9,0.5,camioneta,43.0,65.6,1,1
ENT-02336,Macara,375.6,1.368,14.0,5,8,6.7,camion liviano,88.0,18.0,0,0
ENT-00166,Cariamanga,646.6,3.612,51.8,4,5,1.7,camion pesado,20.0,51.0,2,1
ENT-00249,Macara,235.8,0.876,13.8,5,10,4.5,camioneta,,34.8,1,0
ENT-01332,Saraguro,157.9,0.524,7.4,9,5,0.1,camion liviano,61.0,82.6,0,0
ENT-02018,Cariamanga,337.6,1.844,7.9,15,7,0.2,camioneta,67.0,88.1,5,1
ENT-00447,Macara,456.3,1.6,81.2,1,9,0.5,camion liviano,96.0,57.8,3,1
ENT-01359,MACARA,50.1,0.278,27.8,5,8,3.5,camioneta,,65.5,1,1
ENT-02146,Cariamanga,493.3,2.076,42.1,2,6,1.0,camion pesado,13.0,85.0,3,1
ENT-01330,Machala,198.2,0.698,28.3,3,9,0.5,camion liviano,48.0,41.0,0,0
ENT-02968,Macara,135.2,0.854,49.3,4,10,0.3,camioneta,,51.9,0,0
ENT-02151,Machala,133.2,0.506,99.4,9,9,0.4,camioneta,16.0,77.7,2,1
ENT-00435,Machala,476.2,1.702,8.4,1,8,1.4,camion liviano,10.0,57.7,0,0
ENT-02123,Catamayo,490.6,2.0,7.0,1,9,4.2,camioneta,65.0,67.3,1,0
ENT-00578,Zamora,376.9,1.742,36.6,2,7,1.2,camioneta,,72.1,0,0
ENT-02439,Zamora,344.9,1.15,92.8,4,10,0.3,camion liviano,36.0,81.9,1,1
ENT-02907,Loja,278.1,1.498,141.1,6,13,1.4,camioneta,60.0,35.0,0,0
ENT-01849,Loja,174.9,0.605,24.3,5,9,0.5,camion liviano,105.0,24.5,4,1
ENT-00763,Saraguro,131.9,0.562,59.4,3,8,2.3,camion liviano,19.0,57.0,1,1
ENT-00389,Catamayo,80.8,0.379,12.7,1,10,9.4,camion liviano,33.0,81.3,3,1
ENT-00236,Cariamanga,155.4,0.544,16.4,6,10,1.2,camion liviano,,45.7,1,1
ENT-02659,Cariamanga,378.8,1.51,64.6,1,6,1.9,camion pesado,70.0,93.7,2,1
ENT-01985,Cariamanga,136.7,0.764,9.7,9,8,0.4,camion liviano,,24.0,1,0
ENT-00268,Loja,343.3,1.393,145.2,3,10,1.6,camion liviano,,68.7,0,1
ENT-00771,loja,474.0,1.817,13.3,2,6,0.9,camioneta,,81.2,0,0
ENT-02166,Lója,234.7,1.348,47.3,9,7,0.3,camioneta,,55.2,0,0
ENT-00438,Macara,353.6,2.303,28.0,8,10,1.9,camioneta,138.0,47.7,3,1
ENT-00674,Macara,933.3,4.94,72.7,6,10,,camion liviano,72.0,98.2,1,1
ENT-00250,Cariamanga,367.3,1.289,60.5,3,13,0.5,camioneta,63.0,76.2,0,1
ENT-02202,Loja,200.8,0.666,76.8,5,7,0.1,camion liviano,,97.7,1,1
ENT-01575,Macara,335.3,2.002,33.3,5,10,3.7,camioneta,24.0,81.0,0,0
ENT-02143,Zamora,101.3,0.34,39.8,2,9,0.7,camion liviano,39.0,29.8,0,0
ENT-02082,Zamora,428.4,1.808,63.8,2,10,1.0,camion pesado,11.0,64.5,3,1
ENT-02672,Macara,26.8,0.105,50.0,5,8,0.8,camion liviano,56.0,36.4,1,1
ENT-02622,Machala,106.1,0.614,42.3,1,5,0.6,camioneta,55.0,51.3,1,0
ENT-02795,Loja,361.8,2.176,8.3,3,8,0.0,camioneta,29.0,82.4,0,0
ENT-00449,Loja,190.7,0.863,70.4,6,8,4.5,camioneta,68.0,36.7,2,1
ENT-01470,Catamayo,231.9,0.951,22.2,2,12,0.0,camioneta,80.0,46.3,1,1
ENT-00717,Zamora,169.1,0.579,13.1,8,4,3.3,camion pesado,,47.0,0,1
ENT-02507,Zamora,295.4,1.732,45.3,7,7,0.4,camioneta,85.0,58.8,0,0
ENT-02669,Catamayo,144.5,0.468,43.9,7,10,4.0,camioneta,45.0,49.5,0,0
ENT-02049,Lója,485.6,1.594,60.1,2,5,0.3,camioneta,128.0,58.5,0,0
ENT-01902,Machala,206.4,0.945,34.2,3,10,0.8,camioneta,,17.0,2,1
ENT-01169,Cariamanga,410.3,1.436,76.5,1,10,6.1,camion liviano,59.0,79.3,0,1
ENT-00083,Machala,549.1,2.044,43.7,3,10,2.5,camioneta,36.0,67.0,0,0
ENT-02473,Saraguro,394.9,1.632,14.4,6,4,0.0,camioneta,47.0,99.1,3,1
ENT-01461,Zamora,141.1,0.718,19.6,3,9,1.3,camion pesado,29.0,68.7,3,1
ENT-01894,Zamora,323.8,1.017,45.6,5,6,2.5,camioneta,45.0,65.6,0,1
ENT-01669,Zamora,196.1,0.789,68.2,4,9,0.0,camion liviano,,59.3,0,0
ENT-02001,Loja,156.8,0.775,73.7,1,8,2.6,camion pesado,,77.7,0,0
ENT-00476,Saraguro,531.4,2.909,112.5,7,11,7.4,camion pesado,,79.6,0,0
ENT-00518,Cariamanga,433.5,1.714,36.6,8,7,1.5,camion pesado,68.0,53.8,0,0
ENT-00405,Loja ,320.9,1.146,87.3,4,13,0.3,camioneta,27.0,55.5,0,1
ENT-00385,Cariamanga,176.0,0.606,37.9,3,5,1.9,camion liviano,,27.0,2,1
ENT-02482,Machala,209.6,0.822,70.4,1,13,0.0,camion liviano,53.0,37.7,0,0
ENT-02153,Macara,109.4,0.643,58.7,9,13,0.0,camioneta,,75.8,2,1
ENT-01634,loja,358.9,1.236,40.1,6,10,3.4,camion liviano,71.0,54.5,0,0
ENT-02917,Cariamanga,94.8,0.577,63.6,7,10,0.0,camioneta,45.0,48.7,1,1
ENT-00689,Machala,498.3,2.359,29.6,11,13,3.5,camioneta,78.0,37.5,0,0
ENT-01241,Loja,85.0,0.577,80.8,3,12,2.9,camioneta,22.0,77.3,0,0
ENT-00063,Loja,254.3,1.042,7.8,3,8,,camioneta,33.0,42.7,0,0
ENT-00853,Macara,577.1,3.696,17.2,8,13,1.3,camion liviano,51.0,50.7,0,0
ENT-02807,Catamayo,368.0,1.892,44.4,3,9,0.0,camioneta,,47.1,0,0
ENT-02527,Loja,300.0,1.427,61.0,3,9,1.2,camion pesado,18.0,80.5,1,1
ENT-01263,Machala,512.4,1.777,76.3,12,10,0.0,camioneta,50.0,19.3,0,1
ENT-00224,Catamayo,331.3,1.041,19.9,5,6,0.5,camioneta,7.0,58.5,7,1
ENT-02194,Loja,70.5,0.222,25.7,13,10,2.7,camioneta,23.0,77.5,2,1
ENT-00374,Loja,157.6,0.926,97.5,2,10,5.1,camioneta,18.0,61.0,1,0
ENT-01825,Macara,242.3,1.105,34.8,8,11,1.9,camioneta,10.0,40.0,0,0
ENT-02589,Macara,331.2,1.535,26.2,7,8,2.7,camion pesado,,68.0,1,1
ENT-02927,Cariamanga,115.0,0.454,77.2,6,11,3.3,camioneta,11.0,31.8,2,1
ENT-02651,Zamora,610.9,2.758,31.4,7,11,0.0,camioneta,107.0,83.5,0,0
ENT-02739,Zamora,305.8,1.166,75.0,15,12,0.6,camioneta,44.0,57.9,1,1
ENT-00010,Loja,451.6,1.744,47.8,2,13,0.9,camioneta,95.0,49.1,4,1
ENT-01945,Saraguro,45.2,0.161,51.0,8,10,0.9,camion liviano,8.0,83.1,1,1
ENT-01839,Saraguro,271.2,1.016,10.4,2,7,0.8,camion liviano,47.0,54.0,2,1
ENT-00709,Catamayo,166.0,0.773,12.1,15,10,0.0,camioneta,23.0,87.1,2,1
ENT-00256,Machala,429.4,1.834,11.2,5,5,1.3,camion pesado,,75.8,0,1
ENT-01618,Loja,178.9,0.995,24.6,8,11,0.0,camioneta,15.0,51.9,1,0
ENT-00390,Macara,211.1,0.876,121.0,4,8,0.2,camion liviano,,81.8,2,1
ENT-01582,Cariamanga,311.2,1.337,6.8,11,14,9.2,camioneta,89.0,77.3,0,0
ENT-00925,Saraguro,274.5,1.912,38.0,11,9,2.5,camion pesado,36.0,74.5,2,1
ENT-02037,Saraguro,389.6,1.389,152.9,2,10,0.0,camioneta,26.0,59.8,0,0
ENT-02820,Loja,471.0,2.287,28.4,5,10,3.6,camioneta,51.0,60.3,1,1
ENT-01225,Saraguro,823.1,4.758,54.4,6,10,0.3,camioneta,26.0,15.4,2,1
ENT-01947,Saraguro,351.9,1.728,54.7,8,11,0.0,camion liviano,27.0,36.7,0,0
ENT-00740,Zamora,121.2,0.485,42.4,3,9,0.8,camioneta,,85.9,0,0
ENT-00041,Loja,180.8,0.706,3.0,2,10,1.0,camion pesado,,50.3,0,0
ENT-00869,Loja,427.2,1.834,11.0,2,4,1.5,camion pesado,,57.7,2,1
ENT-00540,Cariamanga,210.8,1.18,44.7,4,7,0.0,camioneta,9.0,31.2,2,1
ENT-02562,Catamayo,638.1,4.161,134.1,3,10,0.1,camion liviano,,84.2,0,1
ENT-01372,Loja,687.8,2.227,83.0,10,11,0.0,camioneta,15.0,94.0,1,1
ENT-01146,Machala,48.2,0.268,32.4,15,9,1.5,camion liviano,,29.7,3,1
ENT-01032,Cariamanga,154.6,0.593,6.4,5,8,3.6,camioneta,,51.9,3,1
ENT-00373,Saraguro,155.4,0.797,33.5,2,10,0.0,camioneta,,46.3,0,0
ENT-00668,Machala,476.0,1.71,55.5,2,9,1.0,camioneta,47.0,43.1,0,0
ENT-00358,Cariamanga,108.6,0.761,68.6,8,4,4.6,camion liviano,,38.4,1,1
ENT-00968,Zamora,603.2,2.191,46.3,8,12,0.5,camioneta,21.0,38.9,0,0
ENT-01354,Saraguro,296.2,0.943,14.3,10,9,,camioneta,108.0,40.0,0,0
ENT-01036,Machala,293.1,1.686,39.8,6,9,5.4,camioneta,87.0,45.7,0,0
ENT-00471,Saraguro,770.9,2.415,53.5,7,7,0.0,camion liviano,120.0,54.6,1,0
ENT-01397,Saraguro,853.7,3.245,45.7,4,11,0.3,camion liviano,,89.3,1,1
ENT-02675,Catamayo,-1.0,0.808,21.9,2,7,0.4,camioneta,,57.1,0,1
ENT-01550,loja,85.2,0.277,10.6,2,10,,camioneta,10.0,50.8,0,0
ENT-01257,Catamayo,471.0,2.75,42.9,5,7,3.1,camion liviano,18.0,41.9,0,0
ENT-02095,Macara,205.0,1.452,38.5,14,8,1.0,camioneta,96.0,51.1,1,1
ENT-01556,Saraguro,209.7,1.441,20.7,9,9,0.0,camioneta,,37.0,0,1
ENT-02643,Catamayo,110.0,0.378,14.9,4,13,0.5,camioneta,62.0,64.1,1,1
ENT-01251,Loja,233.4,0.829,57.8,5,12,0.0,camion liviano,17.0,32.6,2,1
ENT-01700,Machala,931.0,3.277,79.1,7,10,0.9,camioneta,69.0,65.1,0,0
ENT-01253,Zamora,371.5,1.172,25.9,2,5,0.0,camion pesado,20.0,77.5,1,1
ENT-02838,Cariamanga,645.0,2.481,33.2,1,8,2.6,camioneta,69.0,58.0,2,1
ENT-00080,Catamayo,545.4,2.257,29.1,1,9,1.4,camioneta,,52.4,1,1
ENT-01173,Macara,365.9,2.474,20.9,11,8,1.4,camioneta,10.0,71.5,0,0
ENT-00815,Macara,325.0,1.562,63.0,2,6,3.1,camioneta,64.0,56.3,3,1
ENT-01853,Zamora,142.5,0.502,51.1,7,7,0.0,camion liviano,21.0,43.2,0,0
ENT-02221,Cariamanga,413.8,1.371,30.9,6,9,0.0,camioneta,53.0,63.2,0,0
ENT-02683,Cariamanga,590.5,1.882,60.4,2,7,0.0,camioneta,46.0,80.2,1,0
ENT-02106,Machala,413.3,1.772,22.0,2,4,0.9,camion pesado,94.0,90.1,1,0
ENT-00134,Cariamanga,489.4,2.934,22.6,2,13,0.0,camioneta,75.0,34.8,0,0
ENT-01141,Catamayo,485.2,2.333,83.1,11,4,5.1,camioneta,32.0,67.6,0,1
ENT-00934,MACARA,269.5,1.055,19.5,3,6,1.6,camioneta,,66.4,4,1
ENT-00929,Saraguro,326.0,1.164,11.9,2,12,1.6,camion liviano,61.0,53.3,2,1
ENT-00824,Saraguro,253.4,1.109,104.9,1,4,0.4,camion liviano,58.0,61.4,2,1
ENT-01532,Saraguro,396.7,1.25,23.8,5,8,0.0,camioneta,16.0,12.3,0,0
ENT-01215,Catamayo,566.9,4.015,71.3,2,8,,camion liviano,19.0,73.0,2,1
ENT-00505,Saraguro,51.5,0.327,6.0,6,11,0.0,camioneta,109.0,46.2,0,0
ENT-01361,Zamora,370.4,2.126,22.1,2,8,1.1,camion liviano,24.0,85.5,1,1
ENT-02396,Catamayo,273.2,1.57,26.2,5,8,0.0,camion liviano,,85.0,0,1
ENT-01997,Zamora,246.7,0.827,60.5,6,10,3.3,camion liviano,,80.8,6,1
ENT-02435,Saraguro,78.8,0.309,28.8,8,12,,camioneta,34.0,77.2,2,1
ENT-01959,Cariamanga,135.2,0.459,37.2,6,11,,camioneta,13.0,77.5,0,0
ENT-01385,Machala,530.2,1.661,54.7,7,8,0.7,camioneta,96.0,57.5,2,1
ENT-00895,Loja,248.0,0.884,100.9,5,10,2.5,camion liviano,11.0,88.6,4,1
ENT-00829,Machala,364.7,1.287,1.5,1,10,1.7,camion liviano,17.0,97.2,0,0
ENT-02978,Machala,78.5,0.322,42.2,1,8,1.8,camion pesado,63.0,56.4,0,0
ENT-01684,machala,247.4,0.922,20.3,1,10,2.1,camion liviano,21.0,29.9,2,1
ENT-02628,Machala,539.4,2.466,22.2,4,10,1.2,camion liviano,20.0,65.1,0,0
ENT-02612,Loja,578.6,2.318,45.6,6,9,0.0,camion liviano,,36.7,0,0
ENT-02564,Machala,121.9,0.81,19.3,1,9,0.0,camion pesado,113.0,56.8,1,1
ENT-00653,Macara,169.1,0.746,95.6,17,9,0.6,camioneta,27.0,31.6,2,1
ENT-00173,Zamora,386.1,1.345,48.0,8,7,1.6,camion liviano,27.0,76.3,2,1
ENT-00039,machala,408.6,2.414,10.4,4,12,0.0,camioneta,,56.0,1,0
ENT-02918,Zamora,45.1,0.172,18.6,5,7,,camioneta,,84.7,1,1
ENT-00714,Lója,435.0,1.444,79.3,1,7,1.5,camion liviano,,43.1,2,1
ENT-00091,Cariamanga,628.7,3.929,16.2,7,6,3.2,camioneta,58.0,36.1,1,1
ENT-00645,Catamayo,38.0,0.238,15.6,17,12,0.5,camion liviano,48.0,77.2,1,1
ENT-01206,Zamora,289.7,1.327,19.0,2,10,2.5,camioneta,94.0,52.4,6,1
ENT-02639,Catamayo,-1.0,0.371,26.6,7,6,1.2,camioneta,16.0,42.7,0,1
ENT-01828,Catamayo,132.0,0.441,46.8,2,7,0.0,camion liviano,48.0,63.8,0,1
ENT-01156,Lója,178.9,0.939,59.3,8,9,0.0,camioneta,,53.8,2,1
ENT-01325,Cariamanga,286.1,1.525,74.9,2,8,0.9,camion pesado,29.0,37.9,4,1
ENT-00217,Macara,299.9,0.975,47.6,1,13,0.8,camioneta,68.0,58.3,0,0
ENT-00511,Saraguro,330.8,1.614,15.3,6,8,0.5,camioneta,18.0,37.3,0,0
ENT-01681,Catamayo,425.0,2.928,24.7,6,9,0.5,camioneta,7.0,39.1,1,1
ENT-00500,Machala,262.0,0.923,49.9,3,10,3.6,camion liviano,85.0,35.9,0,1
ENT-02530,Cariamanga,304.4,1.661,10.6,9,12,0.3,camioneta,39.0,64.8,2,1
ENT-01857,Machala,131.4,0.507,26.8,6,12,4.1,camioneta,,33.6,0,0
ENT-01389,Macara,350.5,1.338,55.1,7,4,4.2,camion liviano,53.0,55.0,3,1
ENT-01520,Machala,530.5,2.209,29.7,7,9,0.6,camioneta,19.0,79.3,1,0
ENT-02387,Catamayo,311.3,1.851,81.2,3,9,0.3,camion pesado,32.0,81.6,0,1
ENT-02777,Machala,468.0,1.913,9.3,2,13,0.7,camioneta,72.0,63.5,0,0
ENT-02077,Catamayo,447.8,1.42,46.0,4,10,0.9,camioneta,7.0,62.6,0,0
ENT-01541,LOJA,148.1,0.926,60.1,6,11,2.2,camioneta,30.0,51.4,2,1
ENT-01218,Machala,212.6,0.759,18.6,10,9,2.5,camioneta,81.0,37.5,0,1
ENT-01417,Loja,289.6,1.141,27.3,1,8,0.4,camion pesado,11.0,28.8,0,1
ENT-02218,Machala,325.4,1.019,36.0,3,9,0.3,camioneta,23.0,39.2,0,0
ENT-02571,Macara,179.4,0.596,34.3,4,10,0.4,camioneta,62.0,38.3,0,0
ENT-01677,Cariamanga,76.1,0.49,9.3,1,11,3.0,camioneta,23.0,67.0,0,0
ENT-01198,Zamora,80.3,0.497,9.9,2,8,0.0,camioneta,31.0,33.5,1,1
ENT-01543,Loja,199.7,1.113,55.6,7,7,4.1,camion pesado,95.0,28.9,0,0
ENT-00954,Cariamanga,380.6,1.223,28.9,16,10,0.4,camion liviano,39.0,89.9,1,1
ENT-00751,Catamayo,331.5,1.145,57.8,1,7,0.8,camion liviano,,87.0,0,1
ENT-00235,Saraguro,540.9,2.021,13.5,8,9,0.0,camion liviano,,57.2,0,0
ENT-00733,Cariamanga,382.8,1.295,15.4,4,8,0.0,camioneta,,74.4,1,1
ENT-00204,Catamayo,233.9,0.894,37.4,5,8,6.2,camioneta,69.0,87.9,2,1
ENT-01157,MACARA,281.0,0.925,52.4,10,7,0.0,camion pesado,,81.5,1,1
ENT-02627,Lója,339.8,2.016,92.9,10,8,1.2,camioneta,14.0,62.4,3,1
ENT-02446,Macara,255.9,1.38,29.9,4,7,0.0,camion liviano,22.0,68.8,0,0
ENT-01210,Saraguro,112.9,0.562,37.0,5,9,0.7,camioneta,74.0,7.5,0,0
ENT-01066,Zamora,167.1,0.661,21.6,4,6,1.0,camion pesado,81.0,86.5,0,0
ENT-02157,Cariamanga,448.9,2.108,11.9,4,9,0.0,camion liviano,51.0,50.5,0,0
ENT-01063,Saraguro,226.1,1.482,47.2,8,10,3.4,camioneta,61.0,34.8,0,0
ENT-01168,Cariamanga,445.4,1.644,47.4,1,9,1.4,camioneta,18.0,30.4,0,0
ENT-01493,Cariamanga,375.5,1.505,70.2,1,9,0.5,camion liviano,79.0,56.5,4,1
ENT-02727,Macara,299.2,1.653,17.7,4,8,0.4,camioneta,16.0,31.3,0,0
ENT-00885,loja,61.0,0.264,40.0,2,7,0.0,camion liviano,,85.1,0,1
ENT-00144,Machala,86.6,0.294,54.6,3,5,2.9,camion liviano,61.0,79.3,0,0
ENT-03000,Machala,655.2,2.824,49.0,4,11,0.0,camioneta,,71.8,1,0
ENT-00851,loja,356.1,1.174,29.6,7,9,4.3,camion liviano,3.0,44.2,0,1
ENT-00718,Cariamanga,44.1,0.237,29.4,3,11,,camion pesado,17.0,76.3,2,1
ENT-02900,Catamayo,347.9,2.262,15.6,6,11,4.7,camioneta,13.0,95.5,1,1
ENT-02503,Saraguro,59.6,0.205,9.5,4,10,0.6,camion liviano,36.0,70.0,0,0
ENT-00265,Saraguro,429.9,1.565,121.4,5,9,2.8,camioneta,66.0,52.6,3,1
ENT-00076,Saraguro,285.1,1.053,54.3,3,8,6.5,camion liviano,14.0,67.5,0,1
ENT-02493,Loja,100.7,0.376,18.9,4,6,1.8,camioneta,,63.9,0,0
ENT-00396,Catamayo,975.6,3.636,2.3,4,8,2.8,camion liviano,,33.2,4,1
ENT-02810,Zamora,828.6,2.622,67.3,2,17,0.1,camion pesado,52.0,69.7,0,0
ENT-02225,Cariamanga,632.2,2.344,21.6,9,12,0.0,camion pesado,104.0,76.0,1,1
ENT-02857,Catamayo,188.0,0.669,47.1,7,10,0.0,camion liviano,19.0,29.3,0,0
ENT-00397,Macara,270.9,0.867,22.2,6,13,2.3,camion liviano,,84.1,1,1
ENT-01366,Catamayo,426.0,1.87,38.9,4,9,0.0,camion liviano,17.0,89.0,0,0
ENT-02552,Saraguro,98.9,0.474,52.8,5,9,1.2,camion liviano,,41.0,1,1
ENT-01904,Machala,101.8,0.533,39.8,8,12,4.1,camion liviano,,54.6,2,0
ENT-00596,Cariamanga,121.5,0.382,117.1,14,8,6.6,camion pesado,19.0,26.1,3,1
ENT-02110,Zamora,179.7,0.839,79.0,5,5,0.2,camioneta,,40.7,0,1
ENT-01297,Saraguro,415.7,1.807,39.0,1,10,0.1,camioneta,28.0,54.4,5,1
ENT-01822,Macara,311.0,1.168,4.6,3,8,0.0,camion pesado,85.0,27.5,0,0
ENT-00873,Catamayo,134.2,0.679,9.5,4,7,7.4,camioneta,,39.8,0,0
ENT-02969,Saraguro,22.6,0.074,31.4,5,9,1.6,camioneta,11.0,79.3,0,0
ENT-02327,Machala,417.7,1.394,66.1,3,10,4.0,camion liviano,36.0,49.2,0,0
ENT-01549,Loja,361.7,1.588,18.3,6,6,3.0,camion liviano,,67.7,1,1
ENT-00037,Macara,426.8,1.754,22.3,9,8,0.4,camioneta,138.0,37.4,0,1
ENT-02579,Catamayo,152.0,0.634,57.0,10,8,2.0,camioneta,70.0,25.5,0,0
ENT-02144,Zamora,219.1,1.435,11.1,9,7,4.2,camion liviano,,85.3,0,0
ENT-02610,Saraguro,105.3,0.645,55.4,3,12,0.8,camion liviano,48.0,29.3,0,0
ENT-00978,Catamayo,94.5,0.386,56.3,3,13,0.1,camion liviano,72.0,35.7,0,0
ENT-01572,Loja,58.6,0.206,11.2,4,6,2.0,camioneta,67.0,64.5,4,1
ENT-01123,Saraguro,308.6,2.148,35.9,6,15,5.0,camion liviano,23.0,66.8,2,1
ENT-02240,Cariamanga,625.4,2.191,37.9,2,10,8.1,camioneta,14.0,38.4,2,1
ENT-02505,Zamora,228.4,0.972,28.6,9,6,2.7,camion liviano,12.0,28.7,2,1
ENT-01893,Saraguro,227.0,0.827,18.6,5,10,1.6,camioneta,50.0,46.7,0,0
ENT-00676,Loja,182.5,0.65,124.1,9,12,,camion liviano,29.0,27.2,3,1
ENT-00729,LOJA,337.3,1.241,78.0,4,16,0.1,camion liviano,24.0,38.1,2,1
ENT-00413,Cariamanga,103.8,0.63,33.5,5,7,0.0,camioneta,,48.6,0,0
ENT-01517,Cariamanga,293.2,1.597,43.0,1,10,1.0,camioneta,,75.8,0,0
ENT-01650,Zamora,347.9,1.269,78.2,4,7,2.3,camion liviano,60.0,29.1,0,1
ENT-00826,Zamora,206.9,0.984,40.3,2,12,0.6,camioneta,67.0,71.3,3,1
ENT-00617,Loja,239.6,1.361,73.6,3,10,0.1,camioneta,119.0,62.1,0,0
ENT-00115,Machala,483.8,1.843,32.7,14,10,6.9,camion liviano,29.0,28.5,3,1
ENT-00418,Saraguro,247.8,1.068,43.9,4,6,,camioneta,42.0,82.3,0,0
ENT-01626,Saraguro,312.3,1.007,24.2,3,12,0.2,camioneta,44.0,82.7,2,1
ENT-02997,Macara,533.9,3.755,21.9,2,10,0.2,camioneta,32.0,60.8,0,0
ENT-00090,Macara,241.5,0.885,60.4,11,10,0.6,camioneta,,80.0,3,1
ENT-02083,Zamora,64.4,0.317,44.7,6,8,0.2,camioneta,88.0,60.3,0,0
ENT-00754,Catamayo,77.3,0.411,21.3,1,7,1.7,camion liviano,34.0,95.6,0,1
ENT-02547,Saraguro,189.7,0.75,29.3,1,8,0.0,camion liviano,153.0,18.9,0,0
ENT-01631,Machala,383.6,1.252,39.0,3,4,1.5,camion pesado,47.0,9.7,2,1
ENT-00012,Catamayo,390.3,1.456,7.7,3,11,0.0,camioneta,59.0,82.9,0,0
ENT-02445,Catamayo,491.5,2.871,24.4,6,4,0.3,camioneta,44.0,68.1,2,1
ENT-00285,Catamayo,217.0,1.335,97.7,7,5,0.0,camion pesado,39.0,92.3,1,1
ENT-01067,Cariamanga,259.1,1.129,50.5,10,11,1.7,camion liviano,,41.8,3,1
ENT-01192,Loja,159.1,1.114,18.7,3,9,0.0,camion pesado,14.0,64.3,0,0
ENT-01441,Catamayo,94.7,0.304,57.7,2,7,0.0,camion pesado,,75.3,1,1
ENT-02859,Saraguro,352.4,1.252,51.7,7,4,0.2,camion liviano,13.0,44.1,0,1
ENT-02858,Machala,133.6,0.683,17.5,5,6,1.5,camion liviano,62.0,46.4,0,0
ENT-02766,Cariamanga,166.2,1.021,101.5,1,9,,camion pesado,26.0,11.4,0,1
ENT-01569,Loja,311.3,1.221,100.4,7,7,3.8,camion pesado,48.0,31.6,0,1
ENT-02428,Loja,182.6,0.9,35.2,5,8,3.7,camioneta,,92.2,2,1
ENT-02631,loja,128.7,0.499,33.8,6,7,15.4,camioneta,23.0,75.3,1,1
ENT-01688,Cariamanga,380.7,1.469,169.9,4,7,0.0,camioneta,95.0,82.7,0,0
ENT-00852,Loja,194.8,0.844,8.5,4,10,1.6,camioneta,58.0,40.3,0,0
ENT-02208,Catamayo,281.5,1.541,14.4,5,7,0.0,camion liviano,64.0,50.4,0,0
ENT-00896,Saraguro,88.1,0.491,44.0,3,5,5.0,camion liviano,6.0,50.5,2,1
ENT-00497,Saraguro,90.1,0.542,82.4,8,13,0.0,camion liviano,37.0,79.4,0,1
ENT-02306,Machala,149.5,0.478,23.3,15,10,0.4,camioneta,5.0,49.1,0,1
ENT-01783,Cariamanga,437.6,2.122,1.7,2,8,0.0,camion liviano,,75.6,0,0
ENT-00336,Macara,157.0,0.59,8.7,2,9,1.2,camion liviano,,59.6,0,0
ENT-00516,Loja,203.0,1.195,53.5,3,10,,camion pesado,36.0,25.4,1,1
ENT-01349,Loja,113.8,0.392,46.0,1,8,2.9,camioneta,,6.2,1,1
ENT-01016,Zamora,191.5,1.27,38.7,8,13,0.7,camion liviano,37.0,51.8,1,0
ENT-02866,Catamayo,372.3,1.211,30.4,4,10,0.7,camion liviano,,88.0,3,1
ENT-02861,Saraguro,1164.6,3.962,15.4,10,10,,camion pesado,45.0,17.1,1,1
ENT-01782,Saraguro,205.0,0.79,24.3,5,8,3.1,camion pesado,33.0,50.9,1,1
ENT-02570,Machala,396.2,1.837,18.7,7,5,0.0,camioneta,,77.7,0,1
ENT-01786,Zamora,795.3,3.575,33.6,4,11,1.4,camioneta,42.0,94.6,0,0
ENT-02071,machala,1107.8,4.717,6.5,2,5,0.0,camion liviano,13.0,75.2,0,0
ENT-00357,Cariamanga,448.7,1.526,64.2,2,9,0.8,camioneta,43.0,82.3,0,1
ENT-02910,Catamayo,416.8,1.577,29.5,1,8,,camioneta,14.0,78.5,0,0
ENT-01313,Saraguro,199.3,1.215,67.1,2,8,1.3,camioneta,4.0,38.7,5,1
ENT-01636,Saraguro,584.2,2.335,187.6,8,11,0.0,camioneta,93.0,18.5,2,1
ENT-00551,Cariamanga,183.6,0.621,68.9,14,7,3.6,camion liviano,,82.0,2,1
ENT-02389,Cariamanga,147.3,0.701,34.1,3,13,1.8,camioneta,43.0,61.0,3,1
ENT-02480,Loja,516.2,1.957,105.3,15,9,2.5,camion liviano,,69.3,1,1
ENT-02522,Macara,319.8,1.144,25.4,5,8,0.4,camion liviano,15.0,59.7,0,1
ENT-02266,MACARA,88.9,0.342,46.7,4,13,3.5,camion liviano,,71.0,2,1
ENT-01228,Catamayo,270.7,1.61,64.4,2,11,1.1,camion liviano,19.0,33.4,0,1
ENT-00913,Macara,604.8,3.909,64.5,7,7,,camioneta,,70.4,3,1
ENT-00958,loja,188.9,0.847,49.9,2,10,1.1,camioneta,37.0,74.6,1,1
ENT-01774,Cariamanga,51.1,0.205,8.2,5,4,5.9,camion liviano,44.0,71.5,1,1
ENT-02142,Machala,174.5,1.219,22.1,2,8,1.1,camion liviano,70.0,45.5,0,0
ENT-01009,Cariamanga,72.4,0.36,16.2,7,10,0.6,camioneta,115.0,79.1,2,1
ENT-01093,Lója,184.0,0.771,78.9,7,8,9.8,camioneta,2.0,40.6,1,1
ENT-02729,Catamayo,112.6,0.401,12.3,1,7,1.3,camion liviano,8.0,85.2,0,0
ENT-00997,Catamayo,172.9,0.769,16.5,5,8,0.5,camion pesado,42.0,32.0,4,1
ENT-01680,Zamora,149.3,0.753,98.1,5,9,3.7,camioneta,91.0,42.5,0,1
ENT-00154,Loja,146.4,0.569,1.8,4,10,0.7,camioneta,65.0,36.6,0,0
ENT-02840,Cariamanga,815.1,4.766,35.7,11,6,0.7,camion liviano,,73.3,3,1
ENT-00581,Loja,273.4,1.66,71.8,4,10,1.0,camioneta,88.0,47.1,0,0
ENT-01471,Cariamanga,51.3,0.183,20.3,5,10,6.7,camion liviano,102.0,76.6,0,0
ENT-00704,Zamora,940.0,3.876,35.9,8,6,0.3,camioneta,159.0,98.5,1,1
ENT-01213,Loja,80.2,0.263,61.6,2,11,0.0,camion pesado,11.0,96.2,2,1
ENT-00897,Catamayo,486.4,2.533,25.0,3,9,0.0,camion liviano,,27.8,0,0
ENT-00488,Loja,582.4,2.828,17.1,9,10,0.0,camion liviano,,59.0,4,1
ENT-00560,Loja,251.4,1.198,29.0,6,8,1.2,camion liviano,20.0,18.4,0,0
ENT-01142,Catamayo,60.1,0.234,57.6,14,8,2.2,camioneta,61.0,69.4,4,1
ENT-01120,Loja,478.3,2.425,97.6,6,6,1.7,camioneta,,82.3,2,1
ENT-00513,Cariamanga,96.0,0.309,39.0,6,4,3.1,camion liviano,,17.4,1,1
ENT-00634,Zamora,99.1,0.431,47.7,7,4,1.8,camioneta,166.0,40.5,0,1
ENT-02638,Catamayo,415.8,2.139,75.7,4,8,0.5,camion liviano,,77.3,1,1
ENT-01665,Loja,207.3,0.783,33.2,4,9,0.0,camion pesado,,54.9,1,1
ENT-01013,Catamayo,737.5,4.886,87.3,4,10,0.0,camion pesado,36.0,70.0,1,1
ENT-01932,Saraguro,554.2,3.925,78.6,7,10,24.1,camion liviano,40.0,70.3,1,1
ENT-01151,Catamayo,1316.4,4.238,53.5,8,9,0.0,camioneta,81.0,59.8,2,1
ENT-02863,Loja,615.6,2.102,11.4,9,9,5.5,camion pesado,,54.2,1,1
ENT-00117,Cariamanga,182.4,0.865,94.1,6,10,0.0,camion pesado,73.0,86.4,1,1
ENT-00741,Macara,151.9,1.074,41.5,1,11,4.1,camion liviano,33.0,73.9,1,1
ENT-02819,Saraguro,53.8,0.184,47.2,8,9,5.3,camioneta,87.0,52.1,0,1
ENT-01975,Machala,68.3,0.271,42.1,3,4,,camioneta,3.0,45.3,1,1
ENT-01082,Catamayo,230.4,1.522,8.6,4,8,1.8,camioneta,39.0,62.3,2,1
ENT-01811,Loja,117.2,0.4,29.6,10,10,0.7,camioneta,,37.1,0,0
ENT-00831,Catamayo,307.2,1.657,40.0,6,8,0.0,camioneta,74.0,23.3,0,0
ENT-00120,Loja,300.2,1.069,58.8,6,9,2.1,camioneta,,55.1,0,0
ENT-00657,Cariamanga,356.1,1.21,44.5,2,8,0.0,camioneta,,65.4,0,0
ENT-02788,Machala,616.7,2.394,6.8,4,11,0.1,camion liviano,43.0,81.9,1,1
ENT-02747,Zamora,832.7,5.515,21.0,3,7,,camion liviano,14.0,62.5,0,0
ENT-02990,Catamayo,285.9,1.335,32.0,6,8,0.6,camion liviano,71.0,78.3,3,1
ENT-00636,Macara,641.1,2.274,21.1,7,10,0.1,camioneta,74.0,83.0,3,1
ENT-00370,Macara,725.8,3.825,30.1,2,12,,camion liviano,98.0,18.3,1,1
ENT-00269,Machala,271.3,1.196,19.8,16,5,0.3,camioneta,42.0,53.2,2,1
ENT-00047,Machala,223.3,1.116,48.5,3,12,1.0,camioneta,16.0,41.3,4,1
ENT-00992,Loja,49.5,0.186,85.2,3,8,0.7,camion liviano,59.0,23.4,1,1
ENT-00877,Loja,108.5,0.39,56.2,10,9,0.0,camioneta,59.0,65.0,0,0
ENT-00774,Catamayo,-1.0,0.982,67.2,1,7,4.0,camion liviano,31.0,39.2,0,0
ENT-01220,Machala,278.3,1.126,155.2,2,12,0.0,camion pesado,13.0,97.6,3,1
ENT-01127,Saraguro,341.9,1.901,6.6,3,9,0.7,camioneta,28.0,29.0,0,0
ENT-00005,Loja,13.8,0.08,55.0,8,10,0.8,camioneta,27.0,37.1,2,1
ENT-01596,Loja,99.0,0.613,24.0,4,7,0.9,camion liviano,,8.5,0,0
ENT-02312,Macara,179.7,0.578,41.2,5,6,4.6,camion liviano,,64.5,0,0
ENT-02492,Loja,185.3,0.69,32.9,2,6,1.4,camion liviano,54.0,70.9,0,1
ENT-01078,Cariamanga,190.2,0.654,26.4,8,6,1.8,camioneta,11.0,85.4,0,0
ENT-00838,Macara,22.1,0.111,33.5,3,13,0.3,camion liviano,25.0,74.4,0,1
ENT-00682,Cariamanga,362.6,1.347,8.0,1,5,0.1,camioneta,128.0,27.6,1,0
ENT-01716,Zamora,322.4,1.483,57.5,1,6,0.9,camion pesado,,39.9,1,0
ENT-02353,Catamayo,245.5,1.675,58.4,2,10,0.0,camion liviano,,67.2,1,0
ENT-02618,Saraguro,241.8,0.81,18.2,13,9,0.0,camion pesado,,40.5,1,1
ENT-02362,Catamayo,237.8,1.136,68.1,4,12,0.0,camion pesado,,65.0,0,1
ENT-02198,Macara,140.1,0.602,174.6,3,8,2.3,camioneta,,40.8,0,1
ENT-01149,Macara,171.4,0.764,53.8,2,4,6.1,camion liviano,25.0,67.5,2,1
ENT-00575,Cariamanga,340.2,1.655,33.9,3,11,0.0,camioneta,121.0,10.7,2,1
ENT-00051,Catamayo,370.4,1.4,85.9,4,9,0.0,camion liviano,21.0,38.3,2,1
ENT-00854,Macara,245.6,0.967,35.0,3,8,0.8,camion liviano,14.0,70.3,0,0
ENT-01983,Macara,514.3,3.089,92.1,10,10,0.0,camioneta,80.0,80.2,2,1
ENT-01824,Cariamanga,133.9,0.66,19.1,5,9,5.5,camioneta,,72.5,0,1
ENT-00834,Catamayo,374.7,2.359,33.4,4,7,4.2,camion liviano,49.0,39.4,2,1
ENT-01116,Machala,248.3,0.933,23.0,2,8,0.0,camion pesado,20.0,40.8,0,1
ENT-01167,Catamayo,66.1,0.361,30.0,3,6,0.0,camion liviano,32.0,99.6,2,1
ENT-02519,Macara,592.4,1.934,24.5,3,8,0.1,camioneta,35.0,79.8,0,1
ENT-01907,Machala,270.4,1.077,38.3,4,14,1.2,camioneta,44.0,13.7,1,1
ENT-00972,Saraguro,345.0,1.225,13.4,4,12,0.4,camioneta,23.0,34.9,2,1
ENT-00400,Cariamanga,392.3,1.839,7.0,4,10,1.2,camion liviano,24.0,75.3,0,0
ENT-02560,Macara,201.4,0.866,4.0,2,7,1.7,camioneta,,55.1,0,0
ENT-02369,Cariamanga,224.6,0.766,12.9,7,11,0.0,camioneta,46.0,47.8,0,0
ENT-00020,Cariamanga,123.9,0.395,51.6,5,10,0.0,camion pesado,64.0,71.1,3,1
ENT-00685,Machala,74.8,0.241,37.0,2,5,0.0,camion liviano,8.0,36.7,2,1
ENT-00036,Saraguro,72.6,0.399,62.1,5,9,3.0,camion liviano,11.0,47.9,1,0
ENT-02887,Cariamanga,369.4,1.733,62.0,6,7,0.2,camioneta,22.0,35.6,2,1
ENT-00525,Catamayo,799.4,4.679,20.1,8,10,1.8,camion liviano,48.0,28.2,0,0
ENT-02456,Catamayo,319.6,1.015,59.3,5,6,0.0,camion liviano,23.0,40.4,0,1
ENT-00921,Zamora,143.6,0.677,51.8,2,13,0.1,camion liviano,17.0,76.0,0,0
ENT-01842,Loja,283.2,1.26,14.9,2,10,0.9,camion liviano,39.0,38.1,0,0
ENT-01891,Catamayo,886.9,3.725,3.5,1,4,1.1,camioneta,49.0,55.8,1,1
ENT-00538,Saraguro,262.7,1.138,12.0,5,9,1.0,camion liviano,175.0,58.2,0,1
ENT-01706,Zamora,297.4,1.069,19.0,4,10,0.2,camion pesado,59.0,66.6,0,0
ENT-02989,Cariamanga,169.6,1.059,34.5,3,11,0.4,camion pesado,55.0,66.1,0,0
ENT-00246,Machala,159.5,0.689,51.0,4,9,1.3,camion liviano,88.0,51.9,0,0
ENT-00785,Loja,34.1,0.239,14.4,1,7,2.9,camion liviano,,60.1,1,0
ENT-01410,Zamora,435.7,1.6,66.6,11,11,1.3,camion liviano,68.0,32.8,1,1
ENT-02538,Saraguro,218.9,0.769,102.7,3,11,,camioneta,71.0,61.7,3,1
ENT-00155,Machala,625.7,3.516,31.1,7,10,0.4,camioneta,35.0,37.6,1,0
ENT-01687,Macara,329.0,1.352,43.9,1,13,7.5,camioneta,8.0,55.7,2,1
ENT-00626,Cariamanga,212.8,0.708,9999.0,6,10,2.5,camioneta,66.0,20.5,1,1
ENT-02934,Machala,146.3,0.549,31.6,7,11,3.8,camioneta,2.0,17.2,0,0
ENT-01347,Cariamanga,516.9,3.171,36.7,15,7,3.4,camion liviano,56.0,42.1,1,1
ENT-00570,Loja,248.0,1.537,28.3,2,11,5.3,camioneta,57.0,70.6,1,1
ENT-02991,Machala,443.8,2.015,55.4,6,12,0.0,camioneta,38.0,43.4,0,0
ENT-01759,Zamora,171.9,0.544,33.4,7,5,0.0,camioneta,,64.6,0,0
ENT-01817,Lója,374.1,1.213,71.1,2,10,0.0,camioneta,,72.4,0,0
ENT-02066,Saraguro,122.0,0.693,75.8,6,5,0.1,camion pesado,,69.8,1,1
ENT-00128,Cariamanga,237.1,1.278,36.0,11,10,0.8,camioneta,37.0,59.7,0,0
ENT-00323,Machala,419.2,2.642,20.9,9,7,0.0,camioneta,,89.4,3,1
ENT-02007,Catamayo,138.1,0.98,35.3,4,7,0.3,camion liviano,10.0,51.9,1,1
ENT-00981,Saraguro,210.8,1.045,41.1,5,9,1.2,camioneta,27.0,32.4,0,0
ENT-00292,Macara,591.4,2.957,65.7,2,7,4.1,camion pesado,164.0,60.0,0,0
ENT-00191,machala,5.0,0.033,29.8,16,5,1.0,camion liviano,51.0,73.5,4,1
ENT-01140,Catamayo,469.7,1.731,39.0,8,8,0.1,camioneta,,90.0,0,0
ENT-00993,Macara,370.0,1.464,35.5,3,10,0.2,camion liviano,29.0,70.7,1,1
ENT-00700,Machala,254.7,1.066,50.5,1,12,0.7,camioneta,54.0,61.2,3,1
ENT-00607,Saraguro,558.0,1.875,15.0,2,7,3.3,camion pesado,83.0,53.8,0,0
ENT-00181,Saraguro,242.7,1.126,24.6,5,12,1.8,camion liviano,10.0,28.6,0,0
ENT-00302,Macara,550.8,3.644,8.2,3,18,3.1,camion pesado,,37.6,0,0
ENT-02545,Macara,217.6,1.11,60.2,4,12,2.3,camion pesado,51.0,74.0,1,1
ENT-02833,Catamayo,143.6,0.52,48.6,1,6,0.5,camioneta,69.0,52.3,1,0
ENT-01061,Cariamanga,203.8,1.011,32.8,10,8,8.1,camioneta,58.0,46.8,2,1
ENT-02877,Macara,284.7,1.9,65.7,13,8,3.1,camioneta,20.0,72.5,0,1
ENT-02936,Zamora,94.3,0.611,12.2,3,7,0.0,camion liviano,,63.4,0,0
ENT-02566,Loja,91.5,0.415,40.2,8,7,,camioneta,37.0,51.8,2,1
ENT-01070,Saraguro,387.1,1.884,48.5,4,4,4.2,camion liviano,38.0,73.6,1,1
ENT-02525,Saraguro,191.3,1.11,42.5,12,13,,camioneta,32.0,45.8,1,1
ENT-02206,Loja,75.2,0.534,30.1,3,9,6.5,camioneta,54.0,82.8,2,1
ENT-01244,Loja,455.9,2.14,25.0,9,10,1.7,camioneta,32.0,18.5,2,1
ENT-00017,Cariamanga,1158.1,5.162,83.5,4,8,0.0,camion liviano,,45.2,0,0
ENT-00195,Machala,466.6,2.286,15.1,2,11,2.2,camion pesado,21.0,87.6,1,1
ENT-00547,Macara,176.6,0.619,71.4,4,10,0.4,camioneta,48.0,82.0,0,0
ENT-00659,Zamora,298.6,1.749,44.7,1,11,1.0,camion pesado,31.0,34.4,0,0
ENT-02760,Saraguro,114.7,0.459,24.7,11,10,0.0,camioneta,,38.9,2,1
ENT-02915,Catamayo,184.7,0.641,27.5,5,6,3.0,camioneta,37.0,40.4,0,0
ENT-01505,Macara,110.5,0.437,39.1,15,11,0.0,camion liviano,10.0,59.2,2,1
ENT-00960,Saraguro,351.2,1.383,7.9,7,11,,camion liviano,,49.3,0,1
ENT-02332,Macara,83.3,0.359,10.6,8,9,0.0,camion liviano,,15.9,0,0
ENT-00798,Catamayo,530.2,1.816,8.2,2,8,0.7,camion liviano,50.0,45.6,0,0
ENT-00226,Zamora,157.1,0.981,65.0,3,7,1.3,camioneta,31.0,54.8,4,1
ENT-02075,Machala,98.6,0.449,33.8,4,15,1.2,camioneta,60.0,71.7,0,0
ENT-01800,Machala,92.2,0.536,86.8,10,7,2.2,camion pesado,72.0,58.5,3,1
ENT-02486,Loja,266.1,1.616,47.7,6,10,1.0,camion liviano,98.0,87.8,0,0
ENT-00045,Saraguro,895.5,2.86,10.9,1,9,,camion liviano,40.0,34.3,1,1
ENT-02278,Lója,161.5,0.868,23.4,6,11,6.7,camion liviano,,83.1,1,1
ENT-02086,Loja,255.9,1.234,56.6,4,10,4.6,camioneta,55.0,91.2,1,1
ENT-01694,Loja,337.8,1.831,99.1,4,7,0.5,camion liviano,21.0,82.7,0,1
ENT-01046,Cariamanga,260.3,0.87,54.8,2,11,0.0,camion pesado,75.0,34.6,0,0
ENT-00470,Zamora,292.3,1.462,69.1,10,8,0.0,camioneta,10.0,79.0,2,1
ENT-00955,Saraguro,152.2,1.0,11.0,5,8,0.2,camioneta,20.0,31.3,5,1
ENT-02145,Catamayo,369.9,2.035,55.2,15,8,1.1,camion liviano,39.0,45.3,2,1
ENT-02736,Catamayo,253.5,0.994,43.2,3,9,0.1,camioneta,60.0,52.9,3,1
ENT-00640,Loja ,223.9,0.703,48.2,3,6,1.5,camioneta,49.0,27.5,0,1
ENT-02836,Machala,313.2,1.571,33.7,9,99,0.4,camioneta,39.0,62.3,0,0
ENT-01219,Loja,487.7,3.096,33.3,3,9,0.0,camion pesado,95.0,80.9,1,1
ENT-01159,Loja,446.6,2.694,66.7,2,10,2.2,camion pesado,84.0,85.4,2,1
ENT-01416,LOJA,120.2,0.595,56.8,17,12,0.9,camioneta,90.0,29.8,1,0
ENT-02769,Saraguro,308.8,1.453,10.9,2,9,0.0,camion liviano,,54.7,0,0
ENT-01528,Catamayo,191.8,1.219,19.7,2,12,0.0,camioneta,,41.3,0,0
ENT-02979,Macara,622.8,3.711,49.1,1,8,1.4,camioneta,26.0,36.2,0,0
ENT-01301,Macara,476.2,1.57,54.2,7,9,0.8,camion pesado,16.0,49.0,1,1
ENT-02924,Cariamanga,24.1,0.088,26.0,4,7,0.0,camioneta,7.0,60.9,0,0
ENT-01604,Loja,390.0,2.157,37.4,4,11,4.7,camion pesado,36.0,24.8,0,0
ENT-00161,LOJA,331.0,1.443,3.9,7,10,0.0,camion pesado,45.0,77.7,3,1
ENT-01705,Zamora,213.1,0.845,29.6,3,7,2.7,camion liviano,49.0,47.0,1,0
ENT-00957,Cariamanga,95.4,0.377,61.7,6,10,0.8,camion pesado,57.0,61.0,0,0
ENT-02973,Loja,171.4,0.625,9.7,7,12,1.2,camioneta,116.0,89.0,0,0
ENT-00878,Cariamanga,812.7,5.768,69.3,6,8,1.5,camioneta,6.0,46.4,0,1
ENT-01920,Catamayo,788.7,2.513,54.2,1,7,7.8,camion liviano,,56.3,1,1
ENT-01885,Macara,257.2,0.821,21.6,2,6,0.4,camioneta,,65.1,0,0
ENT-02201,Cariamanga,321.7,1.651,27.7,5,14,0.9,camion pesado,17.0,66.1,0,1
ENT-00099,Loja,433.2,2.147,57.0,16,5,0.0,camioneta,60.0,34.7,0,0
ENT-02885,Loja,448.3,2.957,13.6,6,11,0.9,camioneta,19.0,35.2,0,1
ENT-02558,Macara,61.8,0.257,34.5,7,7,0.0,camion liviano,45.0,53.5,2,1
ENT-00254,Saraguro,143.2,0.908,21.1,2,7,1.5,camioneta,7.0,60.3,2,1
ENT-00104,Macara,235.5,1.16,33.2,6,8,0.0,camioneta,19.0,64.5,3,1
ENT-01446,Cariamanga,152.6,0.593,45.4,6,6,1.2,camion liviano,,39.8,1,0
ENT-01444,Cariamanga,20.6,0.097,30.7,4,7,0.0,camion liviano,,48.0,0,0
ENT-01649,Loja ,322.7,1.47,24.4,8,9,,camion liviano,75.0,97.6,0,0
ENT-00587,Loja,101.1,0.331,24.3,2,7,1.1,camion pesado,,38.7,0,0
ENT-00628,Macara,294.8,1.055,43.9,8,9,0.0,camion liviano,35.0,64.3,1,1
ENT-01697,Saraguro,169.7,0.563,11.7,13,11,0.3,camion pesado,27.0,79.6,3,1
ENT-02102,Loja,135.3,0.659,51.2,3,7,3.8,camion pesado,82.0,48.0,0,1
ENT-02200,Saraguro,101.5,0.546,27.0,7,8,3.4,camioneta,17.0,40.3,0,0
ENT-00404,Zamora,125.4,0.856,9.0,5,11,,camioneta,14.0,50.4,0,1
ENT-01155,Loja,118.0,0.682,25.3,11,12,0.2,camioneta,24.0,75.3,1,1
ENT-02256,Saraguro,425.8,2.308,35.2,3,8,1.2,camion liviano,27.0,75.3,2,1
ENT-01683,Loja,456.1,1.558,58.9,19,6,0.0,camion pesado,19.0,17.4,0,0
ENT-02057,Machala,533.6,3.021,11.8,15,9,5.4,camioneta,22.0,61.0,0,1
ENT-02902,Loja,327.4,2.081,26.3,9,4,0.4,camioneta,58.0,75.4,4,1
ENT-00453,Loja,118.4,0.39,21.6,6,15,0.6,camioneta,45.0,79.8,0,0
ENT-02302,Loja,628.2,2.898,15.4,13,6,0.7,camion pesado,4.0,43.5,0,0
ENT-01328,Machala,146.3,0.927,32.7,7,8,1.0,camion liviano,49.0,26.8,0,0
ENT-02050,Cariamanga,431.9,1.666,121.5,2,6,1.7,camioneta,27.0,82.0,0,1
ENT-00881,Loja ,244.5,0.82,40.6,6,10,0.0,camion liviano,107.0,14.2,0,0
ENT-02976,Cariamanga,142.4,1.0,6.4,8,7,0.5,camioneta,,38.1,0,0
ENT-00624,Loja,8.3,0.028,26.0,3,9,1.0,camion liviano,,48.4,0,0
ENT-02394,Cariamanga,133.0,0.915,46.5,6,9,5.1,camioneta,75.0,84.7,0,0
ENT-02829,Loja,260.0,0.871,49.0,6,10,,camion pesado,20.0,77.5,2,1
ENT-01788,Machala,307.6,0.987,23.7,8,7,9.0,camioneta,,55.4,0,0
ENT-00263,Saraguro,259.3,1.666,42.7,2,11,1.7,camioneta,5.0,63.8,0,0
ENT-01635,Catamayo,186.5,0.895,66.2,3,9,0.9,camioneta,,50.4,0,1
ENT-01439,Machala,152.6,0.782,11.8,6,7,0.4,camioneta,29.0,40.2,0,1
ENT-02199,Macara,180.5,0.574,37.6,1,9,7.1,camioneta,51.0,56.8,1,1
ENT-01970,Loja,81.3,0.351,57.0,3,7,3.6,camion pesado,15.0,41.7,2,1
ENT-02521,Catamayo,468.5,1.729,95.2,7,13,5.6,camioneta,46.0,11.0,2,1
ENT-01803,Machala,584.2,3.329,15.5,2,8,3.5,camioneta,21.0,86.5,1,1
ENT-00641,Saraguro,143.5,0.834,31.2,13,8,0.3,camion pesado,,62.6,2,1
ENT-02386,Machala,87.4,0.394,77.3,2,8,1.1,camion liviano,23.0,32.9,0,0
ENT-02599,Catamayo,396.0,2.485,19.2,2,6,0.0,camioneta,38.0,64.2,1,1
ENT-02888,Macara,589.5,2.373,39.6,2,6,0.0,camion liviano,50.0,58.4,1,0
ENT-01960,Zamora,93.6,0.417,136.8,10,10,2.3,camion pesado,171.0,36.5,1,1
ENT-00489,Macara,138.1,0.894,81.9,3,10,0.0,camioneta,39.0,19.7,3,1
ENT-01844,Macara,495.4,2.223,15.7,5,6,0.1,camion pesado,26.0,83.6,1,1
ENT-01735,Machala,101.6,0.325,20.4,3,13,1.6,camion liviano,22.0,41.3,2,1
ENT-00147,Saraguro,254.2,1.434,81.8,8,11,0.0,camion liviano,11.0,32.5,2,1
ENT-01535,Loja,521.9,3.31,78.7,3,8,2.0,camion liviano,69.0,43.1,0,0
ENT-01987,Catamayo,179.5,0.761,12.0,4,10,0.0,camioneta,55.0,78.3,0,0
ENT-01370,Machala,267.3,1.119,13.1,5,10,0.5,camion liviano,85.0,23.9,0,0
ENT-02451,Loja,148.8,0.524,26.0,1,8,1.7,camion pesado,82.0,30.3,0,0
ENT-02994,Loja,226.6,0.983,35.3,17,12,0.5,camioneta,66.0,63.8,2,1
ENT-02812,Zamora,213.7,1.007,51.6,1,11,,camioneta,27.0,72.0,0,1
ENT-00660,Loja,269.4,1.259,15.3,3,7,1.9,camioneta,33.0,68.8,0,0
ENT-01795,Macara,196.5,0.62,31.2,10,8,2.9,camion liviano,31.0,57.9,4,1
ENT-02512,Saraguro,272.0,1.315,65.0,12,9,0.0,camion liviano,29.0,45.5,1,1
ENT-00187,Loja,182.9,0.729,74.1,12,11,,camion pesado,55.0,49.5,0,0
ENT-01148,Saraguro,205.9,0.959,97.2,1,13,0.0,camion liviano,,63.0,0,0
ENT-00609,Macara,459.4,1.894,31.6,2,13,2.6,camioneta,99.0,21.8,5,1
ENT-02192,Saraguro,146.6,0.89,21.6,3,12,2.9,camion liviano,27.0,90.5,0,0
ENT-02800,Cariamanga,364.2,1.662,19.9,2,16,0.7,camioneta,49.0,58.7,0,0
ENT-01931,Loja,528.6,2.823,30.5,3,9,0.7,camion liviano,37.0,58.4,0,0
ENT-00198,Machala,88.5,0.513,75.5,3,4,0.0,camion pesado,68.0,36.0,1,1
ENT-02328,Machala,1008.7,4.919,21.1,5,11,4.5,camioneta,51.0,35.8,0,0
ENT-00294,Loja,231.5,0.74,56.2,3,8,2.5,camioneta,58.0,75.9,0,0
ENT-00767,Saraguro,106.7,0.398,28.4,1,6,,camioneta,,77.8,0,0
ENT-00401,Cariamanga,429.5,2.121,18.5,1,10,0.1,camion pesado,83.0,61.8,0,0
ENT-00123,Loja,428.9,1.672,61.5,4,9,3.0,camion liviano,30.0,40.0,0,1
ENT-00203,Macara,243.5,1.253,34.4,1,8,3.6,camion liviano,34.0,22.5,2,1
ENT-00836,Macara,210.9,1.082,85.9,3,12,0.1,camion liviano,40.0,22.0,0,0
ENT-02295,Saraguro,27.5,0.087,63.8,6,11,3.4,camioneta,166.0,44.8,0,0
ENT-01440,Machala,387.1,2.499,26.1,1,12,4.1,camioneta,47.0,35.8,0,0
ENT-01734,Macara,229.4,1.216,26.2,4,7,0.0,camion liviano,11.0,78.9,1,1
ENT-01696,Loja,223.1,0.87,17.9,1,7,0.0,camion liviano,29.0,33.5,1,0
ENT-02986,machala,142.9,0.536,32.0,1,5,,camion liviano,44.0,59.2,0,0
ENT-01708,Loja,161.6,0.554,13.7,3,10,0.0,camion liviano,,39.3,0,0
ENT-02971,Cariamanga,219.8,0.857,69.3,6,15,,camion liviano,24.0,41.8,1,1
ENT-01154,Machala,479.0,1.709,21.6,7,13,6.2,camion liviano,,74.7,3,1
ENT-01662,Saraguro,457.1,2.917,21.7,2,11,0.0,camion pesado,40.0,50.9,0,0
ENT-02433,Zamora,61.9,0.372,8.8,3,9,2.5,camioneta,60.0,68.8,1,0
ENT-01760,Catamayo,327.8,1.06,117.2,2,8,7.5,camioneta,57.0,35.7,0,0
ENT-00855,Loja,558.7,2.715,48.0,4,7,0.0,camion liviano,15.0,50.6,1,0
ENT-01590,Zamora,348.0,1.407,11.4,1,9,6.8,camion pesado,50.0,70.7,1,1
ENT-02268,Saraguro,489.9,1.64,42.3,9,11,0.0,camioneta,,46.8,0,0
ENT-00642,Saraguro,360.8,1.324,48.8,4,9,3.0,camioneta,56.0,41.9,0,0
ENT-00002,Cariamanga,526.3,2.312,19.4,9,11,2.8,camion liviano,34.0,67.9,1,0
ENT-02161,Cariamanga,1268.3,6.943,5.0,9,11,3.5,camion liviano,68.0,32.0,1,1
ENT-00699,Macara,306.6,1.435,23.9,2,10,1.4,camion liviano,29.0,64.7,0,0
ENT-01637,Catamayo,283.5,1.289,83.8,1,7,0.8,camion liviano,,77.4,1,1
ENT-01292,Cariamanga,181.7,1.053,26.8,8,13,4.7,camion liviano,72.0,81.8,1,0
ENT-02914,Macara,214.7,0.842,66.7,6,10,3.9,camioneta,17.0,9.7,0,0
ENT-02490,Machala,594.3,1.892,23.2,8,6,3.6,camioneta,79.0,42.7,1,1
ENT-01521,Zamora,403.1,1.365,100.5,4,14,0.3,camion liviano,105.0,31.6,1,1
ENT-01854,Catamayo,246.3,0.772,15.5,11,9,3.1,camioneta,185.0,18.8,0,0
ENT-01137,LOJA,343.0,1.151,23.5,5,10,6.9,camion liviano,51.0,35.0,2,1
ENT-02956,Catamayo,722.8,4.076,49.6,3,8,0.0,camion pesado,34.0,22.7,1,0
ENT-01632,Saraguro,175.7,1.192,14.0,2,9,0.8,camion liviano,4.0,62.6,0,0
ENT-01999,Loja,206.4,0.932,25.9,4,9,3.6,camioneta,33.0,20.7,0,1
ENT-00664,Macara,353.4,1.357,40.7,2,8,0.0,camioneta,,69.6,0,0
ENT-00684,MACARA,292.8,1.444,84.8,4,7,0.3,camioneta,8.0,68.7,1,1
ENT-01258,Catamayo,128.7,0.54,22.0,5,11,1.5,camion liviano,19.0,60.2,1,1
ENT-00318,Machala,109.6,0.394,43.0,4,12,1.4,camioneta,,72.1,0,0
ENT-00649,Machala,454.7,1.604,93.0,2,8,1.4,camioneta,,37.7,2,1
ENT-01435,Loja,175.9,0.766,53.6,3,6,,camion liviano,,43.7,0,0
ENT-01480,Macara,243.7,1.711,20.2,5,7,1.0,camioneta,12.0,63.6,1,0
ENT-00710,Saraguro,308.2,1.017,32.9,3,10,0.0,camion pesado,,55.6,0,0
ENT-01283,Saraguro,555.2,3.005,23.6,1,10,1.7,camion liviano,,59.5,0,0
ENT-01769,Zamora,141.7,0.99,58.6,5,11,0.0,camion liviano,45.0,29.5,2,1
ENT-00973,Machala,275.4,0.975,7.9,8,9,0.0,camion pesado,6.0,67.9,0,0
ENT-02676,Cariamanga,469.9,2.78,48.1,6,8,0.0,camioneta,,72.0,0,0
ENT-02681,Saraguro,232.0,1.214,95.0,5,9,2.6,camion liviano,57.0,30.9,0,0
ENT-01307,Catamayo,184.4,0.81,52.0,2,12,0.0,camion pesado,78.0,59.0,0,0
ENT-01401,Zamora,250.8,1.767,15.6,7,4,2.3,camioneta,,46.8,0,0
ENT-01409,Catamayo,84.5,0.558,18.2,3,9,1.9,camioneta,57.0,51.6,0,0
ENT-02238,Saraguro,233.8,1.507,15.0,7,9,0.6,camion liviano,,37.7,0,0
ENT-01497,Loja ,143.7,0.548,25.1,6,8,3.6,camion liviano,20.0,54.0,1,1
ENT-02039,Machala,761.1,3.238,31.4,1,13,4.1,camioneta,3.0,4.3,0,0
ENT-01530,Saraguro,727.4,4.211,54.9,1,8,0.0,camioneta,,31.2,1,1
ENT-01664,Saraguro,251.3,0.874,18.5,9,9,1.4,camion liviano,,33.4,0,0
ENT-01355,Loja,395.4,1.414,23.3,7,10,1.4,camioneta,62.0,57.3,0,0
ENT-02982,machala,101.9,0.532,25.6,6,5,1.8,camion liviano,,32.1,0,0
ENT-01191,Saraguro,332.9,1.539,29.4,7,10,3.1,camioneta,27.0,39.7,0,0
ENT-01644,LOJA,191.9,0.781,29.8,6,5,1.7,camion pesado,,19.2,2,1
ENT-01052,Loja,142.1,0.792,11.4,11,15,0.8,camion liviano,29.0,17.1,0,1
ENT-00796,Catamayo,119.8,0.395,37.2,2,8,1.0,camion pesado,72.0,50.6,1,1
ENT-02694,Cariamanga,448.0,1.953,54.7,2,6,0.6,camion liviano,24.0,28.1,0,0
ENT-01598,Macara,170.9,0.636,30.7,3,6,0.0,camion liviano,15.0,71.4,2,1
ENT-02605,Loja,1005.9,4.001,108.0,11,8,0.0,camion liviano,,53.1,5,1
ENT-02730,Catamayo,200.2,0.69,98.0,2,5,1.6,camioneta,,86.0,2,1
ENT-02626,Lója,202.8,0.74,46.2,7,4,0.9,camion liviano,37.0,85.6,4,1
ENT-01820,Macara,89.9,0.347,23.9,6,11,1.6,camion pesado,61.0,17.2,0,0
ENT-01723,Loja,309.4,1.421,37.4,5,12,0.9,camion liviano,43.0,62.7,6,1
ENT-01184,Machala,61.4,0.209,62.8,8,10,1.5,camion liviano,30.0,36.4,0,0
ENT-02573,Machala,119.8,0.526,24.9,6,11,0.0,camion liviano,27.0,10.2,3,1
ENT-01060,Cariamanga,655.7,2.059,8.3,4,9,2.1,camioneta,69.0,15.6,0,0
ENT-00541,Zamora,145.4,0.455,62.8,12,8,2.4,camion pesado,91.0,87.7,0,1
ENT-01679,Lója,256.6,1.511,13.6,1,7,0.0,camion liviano,14.0,77.7,2,1
ENT-02797,Machala,174.6,1.012,38.5,2,12,0.0,camioneta,18.0,56.9,0,0
ENT-01818,Cariamanga,206.5,0.674,12.8,3,7,0.6,camioneta,77.0,47.8,0,0
ENT-02533,MACARA,265.7,1.022,19.5,3,8,0.0,camion liviano,,89.1,1,0
ENT-01758,Machala,163.7,0.571,66.0,5,8,0.0,camion liviano,29.0,36.5,0,0
ENT-01924,Cariamanga,195.9,0.726,100.3,8,8,10.7,camion liviano,17.0,70.4,0,0
ENT-00096,Catamayo,201.3,0.704,6.4,1,11,2.0,camion liviano,106.0,28.9,0,0
ENT-01021,Saraguro,386.8,1.967,16.9,2,13,3.5,camion liviano,,70.4,1,0
ENT-00564,loja,217.0,1.545,52.0,6,9,1.2,camion liviano,34.0,45.7,1,1
ENT-02791,Loja,871.6,6.154,9.9,13,9,0.9,camion liviano,99.0,68.1,0,0
ENT-00864,Machala,321.2,1.857,64.8,6,5,1.8,camion pesado,,39.3,0,0
ENT-01485,Zamora,358.5,1.463,30.2,8,8,8.8,camioneta,,42.3,0,0
ENT-01882,Saraguro,214.9,0.776,17.9,3,10,0.3,camion liviano,,58.6,0,0
ENT-01039,Catamayo,349.8,1.417,29.2,4,9,2.2,camion pesado,10.0,26.7,0,0
ENT-00207,Loja,645.4,4.431,34.5,9,9,3.3,camion liviano,26.0,51.1,2,1
ENT-00393,Loja,256.4,0.838,101.5,3,9,1.4,camion liviano,114.0,53.0,2,1
ENT-02843,Machala,201.4,0.71,63.6,3,6,1.4,camion liviano,,68.1,0,0
ENT-00871,Saraguro,176.8,0.567,29.9,4,8,0.8,camion liviano,,34.5,0,1
ENT-00398,LOJA,94.6,0.61,10.8,1,9,3.1,camion liviano,12.0,65.5,0,0
ENT-02815,Zamora,82.0,0.296,63.4,2,7,6.3,camion pesado,61.0,81.2,0,1
ENT-02940,Zamora,187.5,0.762,60.7,3,12,0.7,camion liviano,63.0,62.3,0,0
ENT-01029,Saraguro,149.6,0.654,57.0,5,4,6.9,camion liviano,36.0,87.1,2,1
ENT-02691,Catamayo,529.5,1.775,26.7,4,6,0.0,camioneta,24.0,76.9,2,1
ENT-01486,Zamora,161.6,0.563,34.1,6,9,5.4,camion pesado,,74.8,2,1
ENT-02661,LOJA,195.7,0.702,100.2,3,9,0.5,camion liviano,,45.0,0,1
ENT-00961,Machala,177.1,1.258,49.6,4,11,0.7,camioneta,,26.3,0,0
ENT-01571,Loja,135.8,0.503,23.1,1,9,0.0,camioneta,48.0,63.9,2,1
ENT-02774,loja,86.1,0.482,16.9,2,8,0.4,camion liviano,37.0,16.7,0,0
ENT-01896,Loja,261.8,1.419,39.6,3,10,7.3,camion pesado,,71.2,1,1
ENT-02732,Zamora,167.8,0.934,104.8,8,7,1.7,camion liviano,31.0,41.1,2,1
ENT-02147,Loja,240.1,0.837,6.6,12,11,,camion liviano,30.0,32.7,1,1
ENT-00805,MACARA,129.3,0.676,25.5,2,11,0.7,camion liviano,10.0,69.1,0,0
ENT-01752,Catamayo,71.8,0.306,13.0,3,4,6.1,camion pesado,,50.8,3,1
ENT-02455,Macara,374.0,1.651,35.6,4,4,1.5,camion liviano,,49.9,1,0
ENT-00503,Machala,380.8,1.777,34.2,6,4,3.0,camion liviano,16.0,49.0,0,0
ENT-00780,Zamora,276.2,1.653,13.0,12,11,1.7,camioneta,19.0,77.8,0,0
ENT-01864,Loja,240.1,0.957,30.7,3,12,2.1,camioneta,68.0,51.7,0,0
ENT-00201,Catamayo,226.7,0.874,50.9,2,9,1.9,camion liviano,56.0,39.1,0,0
ENT-02183,Zamora,31.7,0.116,143.1,10,9,1.0,camion liviano,,20.5,2,1
ENT-02089,Catamayo,226.8,1.277,39.2,4,9,1.6,camion liviano,65.0,80.6,1,1
ENT-02279,MACARA,360.7,1.282,25.7,3,8,5.2,camioneta,,64.8,1,1
ENT-01797,Catamayo,111.9,0.704,11.1,2,9,1.4,camion liviano,,50.2,0,1
ENT-00379,Macara,391.0,1.314,15.8,4,5,0.0,camioneta,128.0,22.4,4,1
ENT-02337,loja,141.7,0.491,32.8,3,4,0.2,camion liviano,,15.9,3,1
ENT-00419,Catamayo,548.9,2.48,74.8,8,7,1.2,camion liviano,30.0,19.6,0,0
ENT-01699,Catamayo,535.3,2.188,12.4,13,9,0.7,camion liviano,28.0,54.5,1,1
ENT-00392,Catamayo,236.9,0.773,153.1,6,10,1.5,camion liviano,,74.2,0,1
ENT-02641,Zamora,424.3,1.869,89.5,5,12,1.2,camion liviano,215.0,85.4,2,1
ENT-01523,Machala,524.5,1.823,73.5,9,6,2.6,camioneta,,24.9,2,1
ENT-01163,Saraguro,649.8,3.795,19.5,3,10,0.9,camioneta,7.0,31.8,0,0
ENT-01496,Catamayo,254.8,1.166,46.0,5,8,2.1,camioneta,57.0,24.4,0,0
ENT-02696,Lója,73.5,0.254,66.0,3,13,0.0,camion liviano,87.0,73.1,1,0
ENT-02028,Macara,260.1,1.366,42.7,1,12,2.5,camion liviano,5.0,30.5,1,1
ENT-01153,Saraguro,205.3,0.653,48.8,8,13,0.0,camion pesado,23.0,71.4,1,1
ENT-01368,Cariamanga,382.2,1.196,38.4,5,9,0.1,camioneta,85.0,60.8,0,0
ENT-02569,Macara,165.0,0.747,7.5,3,12,0.0,camioneta,62.0,22.7,1,0
ENT-00065,Macara,669.8,4.469,43.5,5,11,1.7,camion liviano,109.0,41.5,4,1
ENT-02063,Loja,345.9,1.453,13.4,7,11,1.6,camioneta,14.0,32.0,0,0
ENT-01181,Cariamanga,107.2,0.357,48.7,5,10,1.3,camioneta,,27.9,1,1
ENT-00493,Cariamanga,186.1,0.608,50.8,3,4,1.4,camion liviano,31.0,18.3,0,0
ENT-00380,Zamora,272.9,1.804,30.6,6,8,0.9,camioneta,,24.4,0,0
ENT-02236,LOJA,459.2,1.81,24.7,5,5,0.7,camioneta,,75.4,0,0
ENT-00764,machala,612.1,3.1,10.5,13,12,0.0,camioneta,,53.1,0,0
ENT-02265,Machala,184.7,0.849,29.2,7,8,0.5,camioneta,,37.7,0,0
ENT-00792,MACARA,321.4,1.286,33.4,4,10,0.0,camioneta,24.0,49.4,0,0
ENT-01077,Loja,638.1,2.318,21.8,4,9,0.0,camion liviano,22.0,78.6,0,0
ENT-00879,Cariamanga,37.2,0.133,50.0,3,13,1.3,camion liviano,45.0,63.1,0,0
ENT-00338,Cariamanga,1070.4,5.825,24.2,10,6,,camioneta,,87.5,1,1
ENT-02768,Zamora,120.4,0.782,32.8,4,7,0.0,camion liviano,,54.8,0,0
ENT-02344,Saraguro,461.9,1.575,23.2,3,8,2.7,camioneta,,63.3,0,1
ENT-01017,Machala,126.2,0.585,41.1,1,6,3.1,camioneta,89.0,52.8,1,0
ENT-01276,Lója,145.2,0.607,33.2,10,10,4.8,camion liviano,34.0,85.7,0,1
ENT-00456,machala,584.1,3.381,14.4,1,12,2.3,camion pesado,9.0,49.9,1,1
ENT-00816,Cariamanga,454.4,1.789,146.5,8,10,0.0,camion liviano,60.0,66.2,1,1
ENT-02318,Catamayo,134.4,0.472,69.1,5,12,1.9,camioneta,,47.2,0,1
ENT-00996,Machala,234.3,1.263,1.6,15,8,0.7,camioneta,19.0,88.7,2,1
ENT-01982,machala,-1.0,0.813,16.9,12,5,0.0,camion liviano,17.0,23.2,1,1
ENT-00202,Machala,142.6,0.992,52.9,6,12,5.7,camion liviano,13.0,78.7,1,1
ENT-00162,Saraguro,180.8,0.684,33.1,2,8,9.0,camioneta,39.0,56.8,0,0
ENT-01580,Macara,62.7,0.197,22.0,7,8,1.9,camion pesado,36.0,31.5,1,1
ENT-02778,machala,192.1,0.976,44.0,4,5,1.7,camioneta,19.0,44.4,3,1
ENT-02450,Saraguro,438.9,3.049,14.1,7,14,0.7,camioneta,95.0,83.2,1,1
ENT-00703,Saraguro,256.9,1.604,138.0,3,5,10.7,camion liviano,,80.6,2,1
ENT-01501,Saraguro,354.6,1.424,88.7,2,8,0.2,camioneta,10.0,58.9,1,1
ENT-01130,Macara,438.2,2.752,67.9,5,10,0.0,camion liviano,88.0,62.7,1,1
ENT-02614,Zamora,69.2,0.417,39.1,4,9,3.3,camion pesado,60.0,56.8,0,1
ENT-01022,MACARA,79.1,0.544,68.5,4,8,3.8,camioneta,46.0,57.0,0,0
ENT-01586,Macara,326.2,1.909,34.4,2,5,,camioneta,32.0,62.6,4,1
ENT-01956,Machala,193.1,0.604,22.3,1,7,6.4,camioneta,,60.1,1,1
ENT-02254,Zamora,382.1,1.381,44.9,5,7,4.4,camioneta,,89.1,0,1
ENT-00035,Zamora,167.8,0.798,26.4,5,4,,camioneta,73.0,47.9,0,0
ENT-00776,Cariamanga,99.9,0.649,37.8,7,12,,camioneta,44.0,69.5,0,1
ENT-02557,Zamora,185.7,0.68,12.4,8,9,,camion liviano,,83.1,1,1
ENT-01479,Loja,386.7,2.398,22.7,4,11,0.0,camion liviano,,85.4,3,1
ENT-01391,Loja,254.3,1.057,21.0,6,13,0.2,camioneta,105.0,49.3,1,0
ENT-02140,Cariamanga,176.0,0.589,62.2,4,9,0.0,camioneta,,38.6,1,1
ENT-01364,Zamora,211.2,0.754,25.6,16,8,2.1,camion liviano,,74.5,0,0
ENT-02946,Cariamanga,794.9,2.528,30.0,3,8,0.2,camioneta,35.0,49.9,0,0
ENT-02613,Zamora,326.0,1.429,58.1,1,8,0.0,camion liviano,,32.3,1,1
ENT-02825,Machala,139.1,0.593,48.4,7,5,0.9,camion liviano,,62.4,2,1
ENT-02042,Macara,376.2,2.32,12.9,5,11,0.0,camion liviano,,39.9,0,0
ENT-00242,Loja,495.2,2.184,9.1,5,6,0.3,camioneta,67.0,50.6,0,0
ENT-02062,Cariamanga,350.7,1.105,99.3,3,8,0.1,camioneta,,88.6,1,0
ENT-02364,Loja,253.8,1.121,31.8,3,7,3.3,camion pesado,52.0,31.2,1,1
ENT-00601,Macara,191.9,0.78,38.6,8,8,0.0,camioneta,32.0,53.9,0,0
ENT-02436,Macara,89.5,0.538,76.4,7,8,10.2,camion pesado,,72.1,1,1
ENT-01298,machala,362.5,1.32,54.3,2,11,1.2,camion liviano,,72.7,0,0
ENT-02215,Saraguro,178.3,1.204,14.2,2,12,0.0,camioneta,,52.4,0,0
ENT-02889,Loja,163.6,1.033,3.9,3,9,3.0,camion liviano,23.0,16.4,0,0
ENT-02069,Catamayo,261.0,0.903,33.4,15,10,0.0,camioneta,9.0,96.0,2,1
ENT-00647,Machala,127.0,0.52,10.6,4,7,11.4,camion pesado,41.0,58.8,1,1
ENT-01529,Catamayo,222.4,0.889,51.9,1,5,0.5,camioneta,,48.4,0,0
ENT-02880,Saraguro,518.4,2.617,8.3,2,14,3.6,camion liviano,,20.4,0,0
ENT-01268,Machala,570.9,1.786,30.9,11,9,0.7,camion pesado,19.0,61.3,0,0
ENT-01900,Loja,164.7,0.884,45.7,8,7,0.0,camion liviano,111.0,46.5,0,0
ENT-00563,Zamora,337.9,1.112,45.1,6,13,2.4,camion liviano,56.0,32.8,0,0
ENT-02084,Catamayo,775.8,3.086,2.1,2,7,1.1,camion pesado,48.0,83.4,0,0
ENT-02735,Loja,341.6,2.382,34.3,2,6,1.5,camioneta,,72.2,2,1
ENT-01118,Cariamanga,218.3,0.703,72.4,2,9,4.8,camioneta,,62.7,0,1
ENT-00190,Cariamanga,347.1,1.151,116.5,4,4,5.3,camioneta,35.0,25.6,1,1
ENT-01807,Machala,158.9,0.85,20.8,3,4,0.0,camioneta,61.0,71.0,0,0
ENT-00976,Loja,178.9,0.8,57.5,5,8,0.0,camioneta,16.0,67.3,3,1
ENT-02748,Loja,216.7,0.807,31.9,1,7,,camion liviano,,25.6,0,0
ENT-02048,Zamora,176.6,0.955,31.7,2,11,3.7,camioneta,,74.7,1,0
ENT-02559,Cariamanga,317.7,1.542,53.2,3,9,0.4,camion liviano,11.0,65.2,1,1
ENT-01083,Saraguro,98.6,0.359,57.3,5,7,,camion liviano,78.0,58.2,2,1
ENT-00475,Zamora,278.6,1.02,13.3,8,9,0.0,camioneta,17.0,52.2,0,1
ENT-02905,Loja,332.4,1.6,30.4,2,9,4.2,camioneta,34.0,82.4,1,1
ENT-00748,Catamayo,179.1,0.853,23.9,15,5,1.5,camioneta,48.0,41.5,2,1
ENT-02301,Machala,469.9,2.492,13.7,1,4,1.0,camion pesado,,7.5,1,0
ENT-00022,Catamayo,467.0,3.182,50.6,6,13,2.1,camion liviano,30.0,67.4,3,1
ENT-00460,Loja,120.5,0.752,22.5,17,7,0.4,camioneta,,74.9,0,1
ENT-01185,Saraguro,99.9,0.448,73.3,4,5,0.2,camioneta,,36.0,1,1
ENT-02325,Lója,227.8,0.734,39.5,1,5,3.4,camion pesado,43.0,65.7,6,1
ENT-00956,Macara,292.3,1.751,19.2,4,12,1.6,camioneta,49.0,38.4,0,0
ENT-01216,Catamayo,209.2,0.834,36.7,5,5,2.6,camioneta,70.0,44.5,0,1
ENT-02434,Machala,265.9,1.471,70.7,15,13,0.0,camioneta,,49.4,2,1
ENT-02854,Loja,455.5,1.485,20.4,8,8,4.9,camion pesado,12.0,55.4,1,1
ENT-01516,Loja,472.6,2.119,65.5,1,7,1.7,camion liviano,117.0,13.3,0,0
ENT-02392,Zamora,161.0,0.531,79.4,4,9,1.9,camion liviano,31.0,67.6,1,0
ENT-00770,Zamora,186.1,0.62,15.1,10,9,0.8,camion liviano,,63.0,2,1
ENT-01686,Cariamanga,136.7,0.512,25.0,15,12,0.2,camioneta,65.0,56.1,3,1
ENT-00131,Zamora,738.6,2.72,85.4,4,8,0.5,camion pesado,56.0,79.9,3,1
ENT-02920,Zamora,541.4,2.66,38.4,6,9,1.3,camioneta,117.0,46.0,1,0
ENT-02136,Cariamanga,48.8,0.174,37.3,3,12,0.7,camion liviano,9.0,80.2,2,1
ENT-01483,Machala,738.1,3.312,55.0,3,8,1.0,camioneta,,59.9,0,0
ENT-00331,Catamayo,699.4,3.017,2.3,7,8,6.0,camion liviano,9.0,47.8,2,1
ENT-01239,Zamora,194.6,0.911,20.8,1,10,0.6,camion liviano,,70.4,2,1
ENT-00467,Machala,339.6,1.087,92.6,8,7,1.0,camioneta,53.0,68.3,0,0
ENT-02170,Saraguro,317.6,1.937,36.6,2,9,2.0,camioneta,50.0,23.4,0,0
ENT-01639,Machala,186.3,0.807,13.3,10,6,2.4,camioneta,107.0,52.8,0,1
ENT-01096,Zamora,226.8,0.763,117.6,4,4,2.0,camioneta,,56.1,2,1
ENT-01131,Machala,245.8,0.82,65.1,9,14,6.3,camion liviano,,52.3,0,1
ENT-01295,Saraguro,311.2,2.027,33.3,10,13,0.1,camion pesado,,32.7,2,1
ENT-00861,Zamora,161.4,0.585,40.3,11,8,3.7,camion liviano,46.0,70.2,0,1
